PATIENT_ID,DETECTOR,WHITE,HB_LEVEL_GperL,MASK_COVERAGE,NAIL_R_p=5,NAIL_R_p=15,NAIL_R_p=25,NAIL_R_p=50,NAIL_R_p=75,NAIL_R_p=85,NAIL_R_p=95,NAIL_G_p=5,NAIL_G_p=15,NAIL_G_p=25,NAIL_G_p=50,NAIL_G_p=75,NAIL_G_p=85,NAIL_G_p=95,NAIL_B_p=5,NAIL_B_p=15,NAIL_B_p=25,NAIL_B_p=50,NAIL_B_p=75,NAIL_B_p=85,NAIL_B_p=95,SKIN_R_p=5,SKIN_R_p=15,SKIN_R_p=25,SKIN_R_p=50,SKIN_R_p=75,SKIN_R_p=85,SKIN_R_p=95,SKIN_G_p=5,SKIN_G_p=15,SKIN_G_p=25,SKIN_G_p=50,SKIN_G_p=75,SKIN_G_p=85,SKIN_G_p=95,SKIN_B_p=5,SKIN_B_p=15,SKIN_B_p=25,SKIN_B_p=50,SKIN_B_p=75,SKIN_B_p=85,SKIN_B_p=95
1,seg26,auto,134.0,0.8707070707070707,0.8304347826086956,0.8695652173913043,0.8869565217391304,0.9217391304347826,0.9521739130434783,0.9652173913043478,0.9826086956521739,0.649402390438247,0.7131474103585658,0.749003984063745,0.7848605577689243,0.8207171314741036,0.8406374501992032,0.900398406374502,0.601,0.668,0.712,0.768,0.808,0.824,0.864,0.8043478260869565,0.8521739130434782,0.8782608695652174,0.908695652173913,0.9304347826086956,0.9391304347826087,0.9521739130434783,0.6852589641434262,0.7025896414342628,0.7171314741035857,0.7410358565737052,0.7609561752988048,0.7768924302788844,0.8247011952191236,0.62,0.64,0.652,0.68,0.7,0.736,0.836
2,seg26,auto,108.0,0.9134920634920635,0.8185654008438819,0.8565400843881856,0.8776371308016878,0.9071729957805907,0.9409282700421941,0.9535864978902954,0.9662447257383966,0.5905511811023622,0.6377952755905512,0.65748031496063,0.7086614173228346,0.7519685039370079,0.7677165354330708,0.7913385826771654,0.5357142857142857,0.5952380952380952,0.626984126984127,0.6746031746031746,0.7142857142857143,0.7261904761904762,0.753968253968254,0.539873417721519,0.8481012658227848,0.8776371308016878,0.8945147679324894,0.9071729957805907,0.9113924050632911,0.919831223628692,0.3779527559055118,0.6417322834645669,0.6732283464566929,0.7047244094488189,0.7244094488188977,0.7401574803149606,0.7559055118110236,0.32936507936507936,0.5,0.5277777777777778,0.5674603174603174,0.5952380952380952,0.6111111111111112,0.626984126984127
5,seg26,auto,84.0,0.8815315315315315,0.8423236514522822,0.8796680497925311,0.9045643153526971,0.9294605809128631,0.950207468879668,0.9585062240663901,0.983402489626556,0.6251968503937009,0.7165354330708661,0.7519685039370079,0.7992125984251969,0.8307086614173228,0.8503937007874016,0.914173228346456,0.541501976284585,0.6656126482213438,0.7154150197628458,0.7905138339920948,0.8260869565217391,0.8379446640316206,0.8853754940711462,0.5020746887966805,0.7421161825726139,0.9336099585062241,0.9585062240663901,0.966804979253112,0.966804979253112,0.975103734439834,0.33070866141732286,0.5433070866141733,0.8031496062992126,0.8464566929133859,0.8582677165354331,0.8622047244094488,0.8700787401574803,0.2766798418972332,0.43181818181818116,0.6719367588932806,0.7391304347826086,0.7549407114624506,0.7628458498023716,0.7707509881422925
6,seg26,auto,138.0,0.8850059737156512,0.7092511013215859,0.762114537444934,0.801762114537445,0.8722466960352423,0.920704845814978,0.9295154185022027,0.9515418502202643,0.4798387096774194,0.5604838709677419,0.6370967741935484,0.7298387096774194,0.7661290322580645,0.7903225806451613,0.8185483870967742,0.3870967741935484,0.4879032258064516,0.5685483870967742,0.6895161290322581,0.7419354838709677,0.7701612903225806,0.8064516129032258,0.8237885462555066,0.8458149779735683,0.8590308370044053,0.8766519823788547,0.8898678414096917,0.8942731277533039,0.9030837004405287,0.5846774193548387,0.6088709677419355,0.625,0.6491935483870968,0.6653225806451613,0.6693548387096774,0.6814516129032258,0.46774193548387094,0.49193548387096775,0.5120967741935484,0.532258064516129,0.5524193548387096,0.5564516129032258,0.5725806451612904
7,seg26,auto,119.0,0.9316239316239316,0.6536796536796536,0.7012987012987013,0.7229437229437229,0.7878787878787878,0.8441558441558441,0.8614718614718615,0.8831168831168831,0.46215139442231074,0.49800796812749004,0.5338645418326693,0.6254980079681275,0.6932270916334662,0.7211155378486056,0.749003984063745,0.43373493975903615,0.4819277108433735,0.5060240963855421,0.5943775100401606,0.6706827309236948,0.6947791164658634,0.7309236947791165,0.5816017316017316,0.7965367965367965,0.8225108225108225,0.8571428571428571,0.8917748917748918,0.9047619047619048,0.9177489177489178,0.35996015936254977,0.5659362549800797,0.600597609561753,0.6414342629482072,0.6733067729083665,0.6852589641434262,0.7091633466135459,0.321285140562249,0.5060240963855421,0.5381526104417671,0.5823293172690763,0.6104417670682731,0.6224899598393574,0.6465863453815262
8,seg26,auto,130.0,0.847457627118644,0.7835497835497836,0.8138528138528138,0.8354978354978355,0.8701298701298701,0.9047619047619048,0.9177489177489178,0.9393939393939394,0.5753968253968254,0.6349206349206349,0.6626984126984127,0.6924603174603174,0.7341269841269841,0.753968253968254,0.7817460317460317,0.5418326693227091,0.601593625498008,0.6414342629482072,0.6852589641434262,0.7250996015936255,0.7450199203187251,0.7649402390438247,0.5930735930735931,0.7255411255411254,0.8311688311688312,0.8701298701298701,0.8831168831168831,0.8917748917748918,0.9004329004329005,0.373015873015873,0.503968253968254,0.6071428571428571,0.6587301587301587,0.6825396825396826,0.6904761904761905,0.7023809523809523,0.30677290836653387,0.4262948207171315,0.5059760956175299,0.5577689243027888,0.5816733067729084,0.5936254980079682,0.6095617529880478
11,seg26,auto,136.0,0.9041218637992832,0.759493670886076,0.8227848101265823,0.8481012658227848,0.9071729957805907,0.9409282700421941,0.9535864978902954,0.9746835443037974,0.5731225296442688,0.6245059288537549,0.6640316205533597,0.7351778656126482,0.782608695652174,0.8063241106719368,0.83399209486166,0.5059760956175299,0.5657370517928287,0.6135458167330677,0.701195219123506,0.7609561752988048,0.7848605577689243,0.8127490039840638,0.679324894514768,0.7468354430379747,0.7805907172995781,0.8312236286919831,0.8565400843881856,0.8649789029535865,0.8776371308016878,0.48221343873517786,0.541501976284585,0.5731225296442688,0.6482213438735178,0.6798418972332015,0.6877470355731226,0.7075098814229249,0.4069721115537849,0.4581673306772908,0.47808764940239046,0.5219123505976095,0.5537848605577689,0.5617529880478087,0.5776892430278885
12,seg26,auto,128.0,0.910062893081761,0.7939914163090128,0.8283261802575107,0.8497854077253219,0.8884120171673819,0.9098712446351931,0.9184549356223176,0.9356223175965666,0.56,0.636,0.668,0.72,0.756,0.764,0.788,0.5086345381526105,0.5943775100401606,0.6305220883534136,0.6947791164658634,0.7349397590361446,0.7469879518072289,0.7630522088353414,0.6351931330472103,0.7896995708154506,0.8240343347639485,0.8540772532188842,0.8798283261802575,0.8884120171673819,0.9012875536480687,0.408,0.568,0.608,0.652,0.684,0.696,0.712,0.3453815261044177,0.5060240963855421,0.5542168674698795,0.5983935742971888,0.6265060240963856,0.6385542168674698,0.6546184738955824
14,seg26,auto,47.0,0.8708523096942095,0.8478260869565217,0.8695652173913043,0.8826086956521739,0.9130434782608695,0.9434782608695652,0.9565217391304348,0.9695652173913043,0.6947791164658634,0.714859437751004,0.7309236947791165,0.7630522088353414,0.8032128514056225,0.8232931726907631,0.8473895582329317,0.64,0.68,0.7,0.736,0.772,0.792,0.816,0.8434782608695652,0.8695652173913043,0.8869565217391304,0.9173913043478261,0.9434782608695652,0.9565217391304348,0.9739130434782609,0.6746987951807228,0.7108433734939759,0.7349397590361446,0.7751004016064257,0.8032128514056225,0.8152610441767069,0.8433734939759037,0.536,0.568,0.588,0.62,0.652,0.668,0.692
15,seg26,auto,56.0,0.8977777777777778,0.8583690987124464,0.8884120171673819,0.9055793991416309,0.9484978540772532,0.9699570815450643,0.9828326180257511,1.0,0.6533864541832669,0.6972111553784861,0.7211155378486056,0.7689243027888446,0.8087649402390438,0.8286852589641435,0.8685258964143426,0.5896414342629482,0.649402390438247,0.6772908366533864,0.7370517928286853,0.7848605577689243,0.8087649402390438,0.8416334661354582,0.8798283261802575,0.9141630901287554,0.9313304721030042,0.9570815450643777,0.9656652360515021,0.9742489270386266,0.9785407725321889,0.6972111553784861,0.7529880478087649,0.7888446215139442,0.8207171314741036,0.8366533864541833,0.848605577689243,0.8645418326693227,0.5936254980079682,0.6454183266932271,0.6892430278884463,0.7250996015936255,0.7529880478087649,0.7649402390438247,0.7848605577689243
16,seg26,auto,137.0,0.8545140885566418,0.8284518828451883,0.8870292887029289,0.9037656903765691,0.9288702928870293,0.9456066945606695,0.9581589958158996,0.9748953974895398,0.6758893280632411,0.7233201581027668,0.7351778656126482,0.7747035573122529,0.83399209486166,0.9130434782608695,0.9525691699604744,0.6150793650793651,0.6865079365079365,0.7103174603174603,0.753968253968254,0.8055555555555556,0.8650793650793651,0.9166666666666666,0.7238493723849372,0.8326359832635983,0.8702928870292888,0.9205020920502092,0.9414225941422594,0.9497907949790795,0.9623430962343096,0.5177865612648221,0.6640316205533597,0.7233201581027668,0.7905138339920948,0.8221343873517787,0.8379446640316206,0.857707509881423,0.4319444444444445,0.5833333333333334,0.6388888888888888,0.7063492063492064,0.753968253968254,0.7698412698412699,0.7896825396825397
17,seg26,auto,132.0,0.900972590627763,0.6822033898305084,0.8008474576271186,0.8432203389830508,0.8728813559322034,0.8898305084745762,0.902542372881356,0.9110169491525424,0.46,0.5862,0.644,0.684,0.716,0.74,0.764,0.3911290322580645,0.5080645161290323,0.5846774193548387,0.6491935483870968,0.6895161290322581,0.7056451612903226,0.7298387096774194,0.5552966101694916,0.6440677966101694,0.7033898305084746,0.8622881355932204,0.9364406779661016,0.9449152542372882,0.9533898305084746,0.336,0.412,0.48,0.66,0.76,0.784,0.792,0.2620967741935484,0.3185483870967742,0.36693548387096775,0.5282258064516129,0.6290322580645161,0.6532258064516129,0.6733870967741935
18,seg26,auto,130.0,0.9113636363636364,0.7048458149779736,0.7665198237885462,0.8061674008810573,0.8546255506607929,0.8810572687224669,0.8854625550660793,0.8986784140969163,0.4979757085020243,0.5789473684210527,0.6477732793522267,0.7004048582995951,0.728744939271255,0.7408906882591093,0.7894736842105263,0.4879032258064516,0.5645161290322581,0.625,0.6895161290322581,0.717741935483871,0.7308467741935484,0.7862903225806451,0.7533039647577092,0.801762114537445,0.8237885462555066,0.8634361233480177,0.8854625550660793,0.8942731277533039,0.9074889867841409,0.5182186234817814,0.5668016194331984,0.5910931174089069,0.6437246963562753,0.6720647773279352,0.680161943319838,0.6963562753036437,0.4274193548387097,0.4596774193548387,0.4838709677419355,0.5241935483870968,0.5443548387096774,0.5564516129032258,0.5685483870967742
19,seg26,auto,148.0,0.8489583333333334,0.8260869565217391,0.8854347826086956,0.9173913043478261,0.9521739130434783,0.9782608695652174,1.0130434782608695,1.0782608695652174,0.23915662650602412,0.27309236947791166,0.2891566265060241,0.3373493975903614,0.5391566265060241,0.8313253012048193,0.9736947791164656,0.17600806451612908,0.24193548387096775,0.2701612903225806,0.33064516129032256,0.5604838709677419,0.8346774193548387,0.9758064516129032,0.5217391304347826,0.5739130434782609,0.6293478260869565,0.7608695652173914,0.8217391304347826,0.8391304347826087,0.8652173913043478,0.39357429718875503,0.42168674698795183,0.46586345381526106,0.606425702811245,0.6506024096385542,0.6666666666666666,0.6907630522088354,0.3790322580645161,0.39919354838709675,0.4435483870967742,0.5604838709677419,0.6169354838709677,0.625,0.6451612903225806
21,seg26,auto,144.0,0.9138047138047138,0.688034188034188,0.7350427350427351,0.7649572649572649,0.8461538461538461,0.9145299145299145,0.9444444444444444,0.9658119658119658,0.4497991967871486,0.5020080321285141,0.5341365461847389,0.6184738955823293,0.7228915662650602,0.7710843373493976,0.8192771084337349,0.32793522267206476,0.3765182186234818,0.41295546558704455,0.5060728744939271,0.659919028340081,0.7125506072874493,0.7651821862348178,0.7307692307692307,0.7735042735042735,0.7991452991452992,0.8461538461538461,0.8717948717948718,0.8846153846153846,0.8974358974358975,0.4979919678714859,0.5341365461847389,0.5502008032128514,0.5943775100401606,0.6465863453815262,0.6626506024096386,0.6867469879518072,0.3724696356275304,0.4008097165991903,0.41700404858299595,0.46963562753036436,0.5222672064777328,0.5384615384615384,0.562753036437247
22,seg26,auto,125.0,0.8612012987012987,0.7922077922077922,0.8398268398268398,0.8658008658008658,0.9047619047619048,0.9393939393939394,0.9567099567099567,0.9826839826839827,0.58,0.628,0.66,0.72,0.772,0.792,0.856,0.512,0.572,0.604,0.664,0.716,0.748,0.804,0.935064935064935,0.948051948051948,0.961038961038961,0.9783549783549783,0.987012987012987,0.9913419913419913,1.0,0.732,0.764,0.784,0.812,0.844,0.86,0.876,0.644,0.664,0.68,0.708,0.74,0.756,0.772
25,seg26,auto,125.0,0.9064542483660131,0.8247863247863247,0.8504273504273504,0.8675213675213675,0.8974358974358975,0.9188034188034188,0.9273504273504274,0.9487179487179487,0.6299212598425197,0.6732283464566929,0.7007874015748031,0.7283464566929134,0.7480314960629921,0.7755905511811023,0.8346456692913385,0.6047430830039525,0.6442687747035574,0.6758893280632411,0.7114624505928854,0.7391304347826086,0.758893280632411,0.8142292490118577,0.8547008547008547,0.8803418803418803,0.8846153846153846,0.8974358974358975,0.905982905982906,0.9102564102564102,0.9188034188034188,0.6889763779527559,0.7204724409448819,0.7283464566929134,0.7480314960629921,0.7519685039370079,0.7559055118110236,0.7677165354330708,0.5928853754940712,0.6284584980237155,0.6442687747035574,0.6640316205533597,0.6798418972332015,0.6877470355731226,0.6956521739130435
26,seg26,auto,144.0,0.8849206349206349,0.7370689655172413,0.7931034482758621,0.8103448275862069,0.8491379310344828,0.8793103448275862,0.896551724137931,0.9181034482758621,0.5461847389558233,0.5823293172690763,0.606425702811245,0.6506024096385542,0.6987951807228916,0.7228915662650602,0.7469879518072289,0.5161290322580645,0.5564516129032258,0.5725806451612904,0.6209677419354839,0.6733870967741935,0.7096774193548387,0.7379032258064516,0.8491379310344828,0.8663793103448276,0.875,0.9051724137931034,0.9224137931034483,0.9267241379310345,0.9353448275862069,0.6506024096385542,0.6827309236947792,0.6987951807228916,0.7269076305220884,0.751004016064257,0.7590361445783133,0.7710843373493976,0.5846774193548387,0.6169354838709677,0.6370967741935484,0.6612903225806451,0.6814516129032258,0.6895161290322581,0.7056451612903226
27,seg26,auto,126.0,0.9294700724361418,0.8583690987124464,0.8798283261802575,0.8969957081545065,0.9227467811158798,0.944206008583691,0.9527896995708155,0.9699570815450643,0.6626984126984127,0.6944444444444444,0.7142857142857143,0.7738095238095238,0.8174603174603174,0.8373015873015873,0.8650793650793651,0.62,0.6622,0.692,0.756,0.812,0.836,0.8726000000000004,0.8969957081545065,0.9141630901287554,0.9227467811158798,0.9356223175965666,0.9527896995708155,0.9570815450643777,0.9656652360515021,0.6865079365079365,0.7103174603174603,0.7222222222222222,0.746031746031746,0.7619047619047619,0.7698412698412699,0.7817460317460317,0.62,0.644,0.656,0.676,0.7,0.712,0.728
28,seg26,auto,137.0,0.8921832884097035,0.7672413793103449,0.8318965517241379,0.8620689655172413,0.9008620689655172,0.9267241379310345,0.9353448275862069,0.9482758620689655,0.6149402390438247,0.6772908366533864,0.7051792828685259,0.7609561752988048,0.7928286852589641,0.8087649402390438,0.8247011952191236,0.5783132530120482,0.6506024096385542,0.6827309236947792,0.751004016064257,0.7911646586345381,0.7991967871485943,0.8232931726907631,0.47844827586206895,0.5905172413793104,0.7446120689655172,0.9094827586206896,0.9267241379310345,0.9353448275862069,0.9439655172413793,0.350597609561753,0.398406374501992,0.6294820717131474,0.7529880478087649,0.7768924302788844,0.7848605577689243,0.7928286852589641,0.3508032128514056,0.38975903614457835,0.6224899598393574,0.7269076305220884,0.751004016064257,0.7590361445783133,0.7736947791164662
29,seg26,auto,145.0,0.8939393939393939,0.7333333333333333,0.7555555555555555,0.7777777777777778,0.8133333333333334,0.84,0.8533333333333334,0.8933333333333333,0.4897119341563786,0.5185185185185185,0.5349794238683128,0.5761316872427984,0.6296296296296297,0.7366255144032922,0.8436213991769548,0.43209876543209874,0.4773662551440329,0.49382716049382713,0.5390946502057613,0.5925925925925926,0.6586419753086409,0.8024691358024691,0.7555555555555555,0.7866666666666666,0.7955555555555556,0.8222222222222222,0.8488888888888889,0.8622222222222222,0.8755555555555555,0.5761316872427984,0.5967078189300411,0.6172839506172839,0.6584362139917695,0.6831275720164609,0.6954732510288066,0.7160493827160493,0.522633744855967,0.5432098765432098,0.5555555555555556,0.588477366255144,0.6213991769547325,0.6337448559670782,0.654320987654321
32,seg26,auto,156.0,0.928166915052161,0.6244541484716157,0.7292576419213974,0.7641921397379913,0.8296943231441049,0.8646288209606987,0.8777292576419214,0.8908296943231441,0.46184738955823296,0.5220883534136547,0.5622489959839357,0.6224899598393574,0.6506024096385542,0.6746987951807228,0.6947791164658634,0.4153225806451613,0.49193548387096775,0.5443548387096774,0.6048387096774194,0.6411290322580645,0.6653225806451613,0.6895161290322581,0.8820960698689956,0.8995633187772926,0.9082969432314411,0.925764192139738,0.9388646288209607,0.9388646288209607,0.9475982532751092,0.678714859437751,0.6987951807228916,0.714859437751004,0.7349397590361446,0.7550200803212851,0.7630522088353414,0.7710843373493976,0.6209677419354839,0.6411290322580645,0.6491935483870968,0.6733870967741935,0.6895161290322581,0.6975806451612904,0.7096774193548387
33,seg26,auto,99.0,0.9481850117096019,0.7773504273504274,0.8247863247863247,0.8418803418803419,0.8717948717948718,0.9017094017094017,0.9145299145299145,0.9316239316239316,0.6184738955823293,0.6626506024096386,0.6827309236947792,0.7228915662650602,0.7550200803212851,0.7751004016064257,0.8835341365461847,0.5725806451612904,0.6209677419354839,0.6451612903225806,0.6854838709677419,0.7258064516129032,0.7419354838709677,0.842741935483871,0.7948717948717948,0.8461538461538461,0.8632478632478633,0.905982905982906,0.9358974358974359,0.9444444444444444,0.9572649572649573,0.6586345381526104,0.7028112449799196,0.7309236947791165,0.7831325301204819,0.8273092369477911,0.8473895582329317,0.9196787148594378,0.5967741935483871,0.6451612903225806,0.6693548387096774,0.7137096774193549,0.7620967741935484,0.8306451612903226,0.9193548387096774
34,seg26,auto,151.0,0.8701058201058202,0.7456140350877193,0.8114035087719298,0.8333333333333334,0.8771929824561403,0.9122807017543859,0.9254385964912281,0.9385964912280702,0.5813008130081301,0.6138211382113821,0.6422764227642277,0.6829268292682927,0.7276422764227642,0.7520325203252033,0.7764227642276422,0.5365853658536586,0.5853658536585366,0.6219512195121951,0.6666666666666666,0.7032520325203252,0.7317073170731707,0.7520325203252033,0.35526315789473684,0.5921052631578947,0.7324561403508771,0.8662280701754386,0.8903508771929824,0.8991228070175439,0.9122807017543859,0.24796747967479674,0.36585365853658536,0.508130081300813,0.6626016260162602,0.6951219512195121,0.7073170731707317,0.7276422764227642,0.25609756097560976,0.34552845528455284,0.46747967479674796,0.6056910569105691,0.6382113821138211,0.6504065040650406,0.6626016260162602
37,seg26,auto,126.0,0.9063682219419924,0.7333333333333333,0.7866666666666666,0.8133333333333334,0.8622222222222222,0.8977777777777778,0.9155555555555556,0.9377777777777778,0.549795918367347,0.6081632653061224,0.6326530612244898,0.6816326530612244,0.7224489795918367,0.7428571428571429,0.7714285714285715,0.5,0.569672131147541,0.6024590163934426,0.6598360655737705,0.7008196721311475,0.7213114754098361,0.7581967213114754,0.6977777777777778,0.7866666666666666,0.8444444444444444,0.8977777777777778,0.9244444444444444,0.9288888888888889,0.9422222222222222,0.4448979591836735,0.5224489795918368,0.6,0.7142857142857143,0.7428571428571429,0.7510204081632653,0.7673469387755102,0.3770491803278688,0.45491803278688525,0.5327868852459017,0.6434426229508197,0.6721311475409836,0.680327868852459,0.6926229508196722
38,seg26,auto,133.0,0.9009216589861752,0.7816593886462883,0.8122270742358079,0.834061135371179,0.868995633187773,0.8995633187772926,0.9126637554585153,0.9213973799126638,0.6188524590163934,0.6475409836065574,0.6680327868852459,0.7131147540983607,0.7704918032786885,0.7868852459016393,0.8237704918032787,0.6024590163934426,0.6352459016393442,0.6598360655737705,0.7172131147540983,0.7745901639344263,0.7991803278688525,0.8401639344262295,0.611353711790393,0.7030567685589519,0.7903930131004366,0.9126637554585153,0.925764192139738,0.9301310043668122,0.9344978165938864,0.3770491803278688,0.47950819672131145,0.5645491803278688,0.7540983606557377,0.7745901639344263,0.7786885245901639,0.7868852459016393,0.3237704918032787,0.4098360655737705,0.4959016393442623,0.6926229508196722,0.7131147540983607,0.7213114754098361,0.7336065573770492
39,seg26,auto,152.0,0.9238235294117647,0.6375545851528385,0.7205240174672489,0.7510917030567685,0.7947598253275109,0.8253275109170306,0.834061135371179,0.8471615720524017,0.4713114754098361,0.5122950819672131,0.5491803278688525,0.6147540983606558,0.6475409836065574,0.6598360655737705,0.6762295081967213,0.4262295081967213,0.4713114754098361,0.5040983606557377,0.6065573770491803,0.6475409836065574,0.6598360655737705,0.6721311475409836,0.7816593886462883,0.8078602620087336,0.8253275109170306,0.8646288209606987,0.8995633187772926,0.9126637554585153,0.9170305676855895,0.569672131147541,0.5942622950819673,0.6147540983606558,0.6598360655737705,0.6926229508196722,0.7049180327868853,0.7254098360655737,0.5122950819672131,0.5409836065573771,0.5614754098360656,0.6024590163934426,0.6311475409836066,0.6475409836065574,0.6680327868852459
40,seg26,auto,130.0,0.9168184578020644,0.6594827586206896,0.7327586206896551,0.7629310344827587,0.8017241379310345,0.8448275862068966,0.8577586206896551,0.875,0.4857429718875503,0.5662650602409639,0.5983935742971888,0.642570281124498,0.6827309236947792,0.6987951807228916,0.7188755020080321,0.4637096774193548,0.5524193548387096,0.5887096774193549,0.6290322580645161,0.6774193548387096,0.6935483870967742,0.7137096774193549,0.75,0.771551724137931,0.7801724137931034,0.7974137931034483,0.8103448275862069,0.8148706896551713,0.8275862068965517,0.5502008032128514,0.5662650602409639,0.5742971887550201,0.5903614457831325,0.6104417670682731,0.6184738955823293,0.6345381526104418,0.4112903225806452,0.4274193548387097,0.4435483870967742,0.4637096774193548,0.4838709677419355,0.49193548387096775,0.5040322580645161
41,seg26,auto,127.0,0.8479943701618579,0.7844827586206896,0.8189655172413793,0.8491379310344828,0.8879310344827587,0.9094827586206896,0.9181034482758621,0.9310344827586207,0.5180722891566265,0.5823293172690763,0.606425702811245,0.6506024096385542,0.6706827309236948,0.6827309236947792,0.7068273092369478,0.4798387096774194,0.5403225806451613,0.5725806451612904,0.6149193548387096,0.6411290322580645,0.6491935483870968,0.6733870967741935,0.7413793103448276,0.7801724137931034,0.7974137931034483,0.8232758620689655,0.8405172413793104,0.8491379310344828,0.8577586206896551,0.5062248995983937,0.5542168674698795,0.5823293172690763,0.6104417670682731,0.6345381526104418,0.6465863453815262,0.6586345381526104,0.4435483870967742,0.49193548387096775,0.5201612903225806,0.5483870967741935,0.5725806451612904,0.5846774193548387,0.6008064516129032
42,seg26,auto,138.0,0.9330024813895782,0.853448275862069,0.875,0.8879310344827587,0.9051724137931034,0.9181034482758621,0.9267241379310345,0.9396551724137931,0.6311475409836066,0.6598360655737705,0.6762295081967213,0.7008196721311475,0.7336065573770492,0.7622950819672131,0.8524590163934426,0.5743801652892562,0.6157024793388429,0.6446280991735537,0.6776859504132231,0.7200413223140496,0.743801652892562,0.8223140495867769,0.8275862068965517,0.8793103448275862,0.896551724137931,0.9224137931034483,0.9525862068965517,0.9655172413793104,0.9741379310344828,0.639344262295082,0.7008196721311475,0.7295081967213115,0.7745901639344263,0.819672131147541,0.8319672131147541,0.8442622950819673,0.5289256198347108,0.5909090909090909,0.6198347107438017,0.6776859504132231,0.731404958677686,0.7479338842975206,0.7644628099173554
43,seg26,auto,118.0,0.9145009416195857,0.7629310344827587,0.7974137931034483,0.8189655172413793,0.8577586206896551,0.8879310344827587,0.9008620689655172,0.9224137931034483,0.5737051792828686,0.6135458167330677,0.6374501992031872,0.6892430278884463,0.7609561752988048,0.8167330677290837,0.8725099601593626,0.5381526104417671,0.5823293172690763,0.606425702811245,0.6706827309236948,0.7389558232931727,0.7630522088353414,0.8353413654618473,0.8103448275862069,0.8491379310344828,0.8663793103448276,0.8922413793103449,0.9051724137931034,0.9094827586206896,0.9181034482758621,0.5856573705179283,0.6254980079681275,0.6533864541832669,0.6852589641434262,0.7131474103585658,0.7211155378486056,0.7370517928286853,0.5180722891566265,0.5622489959839357,0.5903614457831325,0.6305220883534136,0.6546184738955824,0.6626506024096386,0.678714859437751
44,seg26,auto,146.0,0.8985371926548397,0.717391304347826,0.7521739130434782,0.7956521739130434,0.8608695652173913,0.8913043478260869,0.9,0.9173913043478261,0.5163934426229508,0.569672131147541,0.6270491803278688,0.7090163934426229,0.7377049180327869,0.75,0.7745901639344263,0.48360655737704916,0.5327868852459017,0.5840163934426229,0.6762295081967213,0.7090163934426229,0.7254098360655737,0.7418032786885246,0.5782608695652174,0.7121739130434781,0.8,0.8391304347826087,0.8652173913043478,0.8782608695652174,0.8930434782608679,0.38934426229508196,0.5409836065573771,0.6434426229508197,0.6926229508196722,0.7172131147540983,0.7295081967213115,0.7459016393442623,0.3401639344262295,0.4713114754098361,0.5614754098360656,0.6147540983606558,0.639344262295082,0.6516393442622951,0.6680327868852459
45,seg26,auto,109.0,0.9121685606060606,0.8595744680851064,0.8851063829787233,0.8936170212765957,0.9106382978723404,0.9234042553191489,0.9361702127659575,0.9574468085106383,0.6586345381526104,0.678714859437751,0.6947791164658634,0.7309236947791165,0.7670682730923695,0.7911646586345381,0.8273092369477911,0.5725806451612904,0.6008064516129032,0.6169354838709677,0.6491935483870968,0.6774193548387096,0.6935483870967742,0.7137096774193549,0.8978723404255319,0.9276595744680851,0.9361702127659575,0.9446808510638298,0.9521276595744681,0.9574468085106383,0.9617021276595744,0.7670682730923695,0.7751004016064257,0.7801204819277109,0.8072289156626506,0.8263052208835341,0.8273092369477911,0.8343373493975904,0.6502016129032258,0.6653225806451613,0.6784274193548387,0.6995967741935484,0.717741935483871,0.7258064516129032,0.7298387096774194
46,seg26,auto,89.0,0.918816067653277,0.7709251101321586,0.8193832599118943,0.8546255506607929,0.8898678414096917,0.920704845814978,0.933920704845815,0.9515418502202643,0.6040816326530613,0.6489795918367347,0.6816326530612244,0.7306122448979592,0.7673469387755102,0.7877551020408163,0.8097959183673473,0.5491803278688525,0.6229508196721312,0.6680327868852459,0.7254098360655737,0.7663934426229508,0.7909836065573771,0.8237704918032787,0.8414096916299559,0.8616740088105725,0.8722466960352423,0.8854625550660793,0.9030837004405287,0.9118942731277533,0.920704845814978,0.6163265306122448,0.6612244897959184,0.673469387755102,0.6979591836734694,0.7142857142857143,0.7183673469387755,0.7306122448979592,0.5491803278688525,0.5942622950819673,0.610655737704918,0.6311475409836066,0.6475409836065574,0.6557377049180327,0.6680327868852459
47,seg26,auto,168.0,0.8766846361185984,0.7085201793721974,0.757847533632287,0.7892376681614349,0.8340807174887892,0.8565022421524664,0.8699551569506726,0.8834080717488789,0.4609053497942387,0.5390946502057613,0.5689300411522634,0.6131687242798354,0.6419753086419753,0.6584362139917695,0.6831275720164609,0.43621399176954734,0.5185185185185185,0.551440329218107,0.6090534979423868,0.6378600823045267,0.654320987654321,0.6707818930041153,0.8385650224215246,0.8565022421524664,0.8688340807174888,0.8834080717488789,0.8968609865470852,0.9013452914798207,0.9147982062780269,0.5967078189300411,0.6213991769547325,0.6337448559670782,0.6584362139917695,0.6790123456790124,0.691358024691358,0.7078189300411523,0.5267489711934157,0.5432098765432098,0.5596707818930041,0.5843621399176955,0.6090534979423868,0.6213991769547325,0.6378600823045267
48,seg26,auto,148.0,0.8555211558307534,0.5515695067264574,0.6233183856502242,0.6995515695067265,0.8071748878923767,0.8565022421524664,0.874439461883408,0.8878923766816144,0.3983402489626556,0.47717842323651455,0.5394190871369294,0.6348547717842323,0.6680497925311203,0.6804979253112033,0.6970954356846473,0.34708333333333335,0.4287499999999999,0.5083333333333333,0.6166666666666667,0.6541666666666667,0.6666666666666666,0.6875,0.3511210762331839,0.5381165919282511,0.6278026905829597,0.7354260089686099,0.8071748878923767,0.8251121076233184,0.8430493273542601,0.2157676348547718,0.3278008298755187,0.3983402489626556,0.5103734439834025,0.5726141078838174,0.5975103734439834,0.6141078838174274,0.20416666666666666,0.2829166666666666,0.325,0.4041666666666667,0.475,0.5,0.5208333333333334
49,seg26,auto,126.0,0.8189709595959596,0.35000000000000014,0.5499999999999997,0.7276785714285714,0.8035714285714286,0.8348214285714286,0.8482142857142857,0.9107142857142857,0.5146443514644351,0.5815899581589958,0.6234309623430963,0.6652719665271967,0.7112970711297071,0.7615062761506276,0.891213389121339,0.4811715481171548,0.5439330543933054,0.5815899581589958,0.6527196652719666,0.6861924686192469,0.7071129707112971,0.8661087866108786,0.42410714285714285,0.5892857142857143,0.6919642857142857,0.8705357142857143,0.9151785714285714,0.9285714285714286,0.9419642857142857,0.2719665271966527,0.37656903765690375,0.47280334728033474,0.6485355648535565,0.7071129707112971,0.7238493723849372,0.7615062761506276,0.26359832635983266,0.3263598326359833,0.401673640167364,0.5690376569037657,0.6359832635983264,0.6527196652719666,0.6778242677824268
50,seg26,auto,141.0,0.9348739495798319,0.7161572052401747,0.7860262008733624,0.8165938864628821,0.8602620087336245,0.8864628820960698,0.8995633187772926,0.9213973799126638,0.5062240663900415,0.5726141078838174,0.6016597510373444,0.6390041493775933,0.6929460580912863,0.7676348547717843,0.8796680497925311,0.4727083333333334,0.5291666666666667,0.5666666666666667,0.6083333333333333,0.6541666666666667,0.7083333333333334,0.8291666666666667,0.8286026200873362,0.851528384279476,0.8602620087336245,0.8777292576419214,0.8951965065502183,0.8995633187772926,0.9082969432314411,0.6141078838174274,0.6431535269709544,0.6556016597510373,0.6721991701244814,0.6887966804979253,0.7012448132780082,0.7095435684647303,0.5416666666666666,0.5708333333333333,0.5833333333333334,0.6041666666666666,0.6208333333333333,0.6291666666666667,0.6416666666666667
51,seg26,auto,133.0,0.928968253968254,0.8504273504273504,0.8717948717948718,0.8846153846153846,0.9017094017094017,0.9145299145299145,0.9230769230769231,0.9401709401709402,0.6072874493927125,0.6518218623481782,0.6720647773279352,0.7004048582995951,0.7368421052631579,0.7692307692307693,0.8623481781376519,0.5491803278688525,0.610655737704918,0.6434426229508197,0.680327868852459,0.7213114754098361,0.75,0.8401639344262295,0.811965811965812,0.8632478632478633,0.8846153846153846,0.9102564102564102,0.9401709401709402,0.9529914529914529,0.9658119658119658,0.611336032388664,0.6720647773279352,0.7004048582995951,0.7611336032388664,0.805668016194332,0.8178137651821862,0.8299595141700404,0.5245901639344263,0.5778688524590164,0.6147540983606558,0.6721311475409836,0.7213114754098361,0.7377049180327869,0.7622950819672131
52,seg26,auto,126.0,0.8882978723404256,0.8043478260869565,0.8304347826086956,0.8478260869565217,0.9,0.9173913043478261,0.9260869565217391,0.9391304347826087,0.536,0.568,0.604,0.676,0.712,0.724,0.752,0.4538152610441767,0.4979919678714859,0.5381526104417671,0.642570281124498,0.6927710843373494,0.7028112449799196,0.7228915662650602,0.6608695652173913,0.9652173913043478,0.9782608695652174,0.991304347826087,1.0,1.0043478260869565,1.008695652173913,0.4166,0.796,0.824,0.848,0.86,0.868,0.872,0.35000000000000003,0.7108433734939759,0.751004016064257,0.7831325301204819,0.7991967871485943,0.8072289156626506,0.8232931726907631
53,seg26,auto,124.0,0.8872549019607843,0.8528138528138528,0.8701298701298701,0.8831168831168831,0.9047619047619048,0.922077922077922,0.9264069264069265,0.9393939393939394,0.5560165975103735,0.5767634854771784,0.6058091286307054,0.6639004149377593,0.6887966804979253,0.6929460580912863,0.7053941908713693,0.48333333333333334,0.5083333333333333,0.5375,0.6166666666666667,0.6541666666666667,0.6666666666666666,0.6791666666666667,0.6406926406926406,0.7272727272727273,0.8095238095238095,0.8528138528138528,0.8831168831168831,0.9004329004329005,0.9134199134199135,0.35269709543568467,0.44004149377593355,0.5311203319502075,0.5850622406639004,0.6473029045643154,0.6721991701244814,0.7053941908713693,0.275,0.3458333333333333,0.42083333333333334,0.475,0.5375,0.5583333333333333,0.5943749999999994
54,seg26,auto,169.0,0.8745421245421245,0.7565217391304347,0.771086956521739,0.7782608695652173,0.808695652173913,0.8347826086956521,0.8521739130434782,0.8739130434782608,0.5020576131687243,0.5432098765432098,0.5555555555555556,0.5925925925925926,0.6255144032921811,0.6378600823045267,0.6625514403292181,0.43388429752066116,0.5,0.5464876033057852,0.5826446280991735,0.6239669421487604,0.6446280991735537,0.6735537190082644,0.7310869565217392,0.7913043478260869,0.8043478260869565,0.8478260869565217,0.8782608695652174,0.9,0.9217391304347826,0.5026748971193415,0.5679012345679012,0.588477366255144,0.6502057613168725,0.7283950617283951,0.7530864197530864,0.7818930041152263,0.43388429752066116,0.49586776859504134,0.5247933884297521,0.5867768595041323,0.6694214876033058,0.7024793388429752,0.731404958677686
55,seg26,auto,145.0,0.8866761498340445,0.7729257641921398,0.8246724890829695,0.8558951965065502,0.8951965065502183,0.9170305676855895,0.925764192139738,0.9432314410480349,0.5473251028806584,0.5925925925925926,0.6172839506172839,0.6790123456790124,0.7078189300411523,0.7242798353909465,0.7489711934156379,0.48760330578512395,0.5413223140495868,0.5743801652892562,0.6363636363636364,0.6776859504132231,0.6983471074380165,0.7274793388429741,0.8427947598253275,0.8646288209606987,0.8777292576419214,0.8908296943231441,0.9082969432314411,0.9170305676855895,0.9301310043668122,0.6625514403292181,0.691358024691358,0.7078189300411523,0.7283950617283951,0.7530864197530864,0.7613168724279835,0.7818930041152263,0.5578512396694215,0.5909090909090909,0.6074380165289256,0.6322314049586777,0.6570247933884298,0.6694214876033058,0.6900826446280992
56,seg26,auto,160.0,0.8770975056689342,0.7473568281938326,0.788546255506608,0.8061674008810573,0.8237885462555066,0.8458149779735683,0.8546255506607929,0.8678414096916299,0.45416666666666666,0.5,0.5291666666666667,0.5791666666666667,0.5958333333333333,0.6125,0.6333333333333333,0.3723849372384937,0.41422594142259417,0.45188284518828453,0.5648535564853556,0.5899581589958159,0.6108786610878661,0.6317991631799164,0.7841409691629956,0.8149779735682819,0.8370044052863436,0.8722466960352423,0.8942731277533039,0.9030837004405287,0.9118942731277533,0.525,0.5708333333333333,0.6,0.6541666666666667,0.7,0.7208333333333333,0.7291666666666666,0.41841004184100417,0.4602510460251046,0.4895397489539749,0.5564853556485355,0.6108786610878661,0.6317991631799164,0.6485355648535565
57,seg26,auto,146.0,0.8813303099017384,0.7901785714285714,0.8169642857142857,0.8348214285714286,0.8660714285714286,0.9017857142857143,0.9151785714285714,0.9375,0.5274261603375527,0.569620253164557,0.5991561181434599,0.6413502109704642,0.6666666666666666,0.6835443037974683,0.7130801687763713,0.4745762711864407,0.5211864406779662,0.559322033898305,0.6186440677966102,0.6483050847457628,0.6652542372881356,0.7033898305084746,0.8392857142857143,0.875,0.8973214285714286,0.9196428571428571,0.9330357142857143,0.9419642857142857,0.9508928571428571,0.6286919831223629,0.6708860759493671,0.6919831223628692,0.729957805907173,0.759493670886076,0.7679324894514767,0.7848101265822784,0.5169491525423728,0.5677966101694916,0.5932203389830508,0.635593220338983,0.673728813559322,0.6864406779661016,0.7033898305084746
58,seg26,auto,121.0,0.9394230769230769,0.7644444444444445,0.7911111111111111,0.8,0.8133333333333334,0.8311111111111111,0.84,0.8533333333333334,0.5555555555555556,0.5726495726495726,0.5811965811965812,0.6025641025641025,0.6282051282051282,0.6410256410256411,0.6538461538461539,0.4678111587982833,0.49356223175965663,0.5064377682403434,0.5278969957081545,0.5493562231759657,0.5622317596566524,0.575107296137339,0.7911111111111111,0.7911111111111111,0.7911111111111111,0.7911111111111111,0.7911111111111111,0.7911111111111111,0.7911111111111111,0.6324786324786325,0.6324786324786325,0.6324786324786325,0.6324786324786325,0.6324786324786325,0.6324786324786325,0.6324786324786325,0.5536480686695279,0.5536480686695279,0.5536480686695279,0.5536480686695279,0.5536480686695279,0.5536480686695279,0.5536480686695279
59,seg26,auto,129.0,0.8702702702702703,0.7366071428571429,0.7723214285714286,0.8080357142857143,0.8616071428571429,0.90625,0.9241071428571429,0.9464285714285714,0.5211864406779662,0.5677966101694916,0.6016949152542372,0.6567796610169492,0.6991525423728814,0.7245762711864406,0.7669491525423728,0.45726495726495725,0.5085470085470085,0.5512820512820513,0.6196581196581197,0.6709401709401709,0.7051282051282052,0.7606837606837606,0.7991071428571429,0.8258928571428571,0.8482142857142857,0.8794642857142857,0.90625,0.9196428571428571,0.9330357142857143,0.576271186440678,0.597457627118644,0.614406779661017,0.6610169491525424,0.6991525423728814,0.7161016949152542,0.7245762711864406,0.48717948717948717,0.5128205128205128,0.5341880341880342,0.5854700854700855,0.6282051282051282,0.6410256410256411,0.6538461538461539
60,seg26,auto,142.0,0.881336405529954,0.7412280701754386,0.7719298245614035,0.7982456140350878,0.8464912280701754,0.8771929824561403,0.8903508771929824,0.9078947368421053,0.4669421487603306,0.5289256198347108,0.5826446280991735,0.6446280991735537,0.6859504132231405,0.7107438016528925,0.7355371900826446,0.4066390041493776,0.46473029045643155,0.5311203319502075,0.6058091286307054,0.6473029045643154,0.6721991701244814,0.7095435684647303,0.6798245614035088,0.7236842105263158,0.7456140350877193,0.7894736842105263,0.8245614035087719,0.8421052631578947,0.8596491228070176,0.4380165289256198,0.5,0.5289256198347108,0.5619834710743802,0.5950413223140496,0.6198347107438017,0.6487603305785123,0.35684647302904565,0.4107883817427386,0.43568464730290457,0.4730290456431535,0.5062240663900415,0.5186721991701245,0.5477178423236515
61,seg26,auto,155.0,0.9266837169650469,0.793859649122807,0.8201754385964912,0.8377192982456141,0.868421052631579,0.9035087719298246,0.9166666666666666,0.9342105263157895,0.512396694214876,0.5661157024793388,0.5909090909090909,0.6363636363636364,0.6776859504132231,0.7024793388429752,0.7272727272727273,0.49583333333333335,0.5416666666666666,0.5708333333333333,0.6208333333333333,0.6666666666666666,0.6875,0.7041666666666667,0.6666666666666666,0.8070175438596491,0.9078947368421053,0.956140350877193,0.9736842105263158,0.9780701754385965,0.9868421052631579,0.4256198347107438,0.5909090909090909,0.7066115702479339,0.8181818181818182,0.8388429752066116,0.8429752066115702,0.8553719008264463,0.35104166666666664,0.5166666666666667,0.6375,0.7416666666666667,0.7666666666666667,0.7791666666666667,0.7875
62,seg26,auto,141.0,0.8925983436853002,0.7729257641921398,0.7991266375545851,0.8165938864628821,0.8471615720524017,0.868995633187773,0.8777292576419214,0.8820960698689956,0.5081967213114754,0.5614754098360656,0.5942622950819673,0.6311475409836066,0.6516393442622951,0.6598360655737705,0.6844262295081968,0.48770491803278687,0.5368852459016393,0.569672131147541,0.6188524590163934,0.639344262295082,0.6475409836065574,0.6639344262295082,0.6069868995633187,0.7161572052401747,0.8122270742358079,0.8777292576419214,0.9039301310043668,0.9170305676855895,0.925764192139738,0.4057377049180328,0.5245901639344263,0.639344262295082,0.7254098360655737,0.7540983606557377,0.7745901639344263,0.7862704918032783,0.3524590163934426,0.45901639344262296,0.5573770491803278,0.6475409836065574,0.6885245901639344,0.7008196721311475,0.7172131147540983
63,seg26,auto,143.0,0.8770833333333333,0.7705627705627706,0.8095238095238095,0.8311688311688312,0.8701298701298701,0.9004329004329005,0.9134199134199135,0.9307359307359307,0.5203252032520326,0.5894308943089431,0.6178861788617886,0.6626016260162602,0.7073170731707317,0.7317073170731707,0.7642276422764228,0.4959016393442623,0.5655737704918032,0.6024590163934426,0.6557377049180327,0.7049180327868853,0.7295081967213115,0.7581967213114754,0.8225108225108225,0.8441558441558441,0.8571428571428571,0.8874458874458875,0.9090909090909091,0.922077922077922,0.9307359307359307,0.5447154471544715,0.5609756097560976,0.5813008130081301,0.6219512195121951,0.6504065040650406,0.6666666666666666,0.6869918699186992,0.4959016393442623,0.5204918032786885,0.5409836065573771,0.5819672131147541,0.610655737704918,0.6270491803278688,0.6516393442622951
64,seg26,auto,98.0,0.903525641025641,0.8,0.8425531914893617,0.8638297872340426,0.9106382978723404,0.9531914893617022,0.9744680851063829,0.9914893617021276,0.5203252032520326,0.5853658536585366,0.6138211382113821,0.6788617886178862,0.7520325203252033,0.7967479674796748,0.8577235772357723,0.4444444444444444,0.5020576131687243,0.5432098765432098,0.6131687242798354,0.6954732510288066,0.7366255144032922,0.7942386831275721,0.7957446808510639,0.825531914893617,0.8468085106382979,0.8765957446808511,0.902127659574468,0.9191489361702128,0.9276595744680851,0.5691056910569106,0.6016260162601627,0.6219512195121951,0.6707317073170732,0.7032520325203252,0.7195121951219512,0.7398373983739838,0.41975308641975306,0.4444444444444444,0.46502057613168724,0.5185185185185185,0.5473251028806584,0.5596707818930041,0.5761316872427984
65,seg26,auto,165.0,0.8444444444444444,0.7903930131004366,0.8253275109170306,0.8471615720524017,0.8864628820960698,0.9203056768558951,0.9301310043668122,0.9519650655021834,0.5925925925925926,0.6378600823045267,0.6666666666666666,0.7283950617283951,0.7860082304526749,0.8600823045267489,0.897119341563786,0.5413223140495868,0.5950413223140496,0.6239669421487604,0.7024793388429752,0.7603305785123967,0.8181818181818182,0.8677685950413223,0.6550218340611353,0.8209606986899564,0.8733624454148472,0.9519650655021834,0.982532751091703,0.9912663755458515,1.0,0.44115226337448565,0.6296296296296297,0.7119341563786008,0.8271604938271605,0.8559670781893004,0.8683127572016461,0.8765432098765432,0.34710743801652894,0.5206611570247934,0.5991735537190083,0.731404958677686,0.78099173553719,0.7892561983471075,0.8057851239669421
66,seg26,auto,157.0,0.8222438076736279,0.42857142857142855,0.6194196428571429,0.71875,0.7857142857142857,0.84375,0.8660714285714286,0.8883928571428571,0.5230125523012552,0.5439330543933054,0.5690376569037657,0.6359832635983264,0.702928870292887,0.7573221757322176,0.8451882845188284,0.5,0.5375,0.5583333333333333,0.6125,0.6791666666666667,0.7083333333333334,0.7916666666666666,0.45089285714285715,0.5892857142857143,0.7276785714285714,0.8258928571428571,0.8883928571428571,0.9151785714285714,0.9285714285714286,0.3389121338912134,0.41422594142259417,0.49372384937238495,0.6108786610878661,0.6736401673640168,0.702928870292887,0.7238493723849372,0.32916666666666666,0.39166666666666666,0.45,0.5458333333333333,0.6083333333333333,0.6416666666666667,0.6708333333333333
67,seg26,auto,125.0,0.9108496732026143,0.4191629955947137,0.5506607929515418,0.6740088105726872,0.8105726872246696,0.8678414096916299,0.8854625550660793,0.9162995594713657,0.5619834710743802,0.6092975206611567,0.6363636363636364,0.7024793388429752,0.7727272727272727,0.8264462809917356,0.9132231404958677,0.5062240663900415,0.5560165975103735,0.5892116182572614,0.6556016597510373,0.7178423236514523,0.7593360995850622,0.8589211618257261,0.8458149779735683,0.8634361233480177,0.8722466960352423,0.8942731277533039,0.9074889867841409,0.9118942731277533,0.920704845814978,0.5909090909090909,0.6115702479338843,0.628099173553719,0.6735537190082644,0.7066115702479339,0.7231404958677686,0.7479338842975206,0.5145228215767634,0.5435684647302904,0.5601659751037344,0.6099585062240664,0.6473029045643154,0.6597510373443983,0.6887966804979253
68,seg26,auto,115.0,0.9216949152542373,0.7410714285714286,0.7946428571428571,0.8214285714285714,0.8660714285714286,0.9017857142857143,0.9151785714285714,0.9285714285714286,0.5084033613445378,0.5798319327731093,0.6134453781512605,0.6764705882352942,0.7184873949579832,0.7310924369747899,0.7563025210084033,0.4369747899159664,0.5,0.5588235294117647,0.6386554621848739,0.6848739495798319,0.7058823529411765,0.726890756302521,0.7946428571428571,0.8258928571428571,0.8348214285714286,0.8705357142857143,0.9017857142857143,0.9136160714285718,0.9285714285714286,0.5336134453781513,0.5798319327731093,0.6008403361344538,0.6323529411764706,0.6764705882352942,0.6974789915966386,0.7226890756302521,0.42016806722689076,0.46218487394957986,0.4789915966386555,0.5084033613445378,0.5462184873949579,0.5630252100840336,0.5882352941176471
69,seg26,auto,134.0,0.840381179273377,0.7214611872146118,0.776255707762557,0.8127853881278538,0.8858447488584474,0.9223744292237442,0.9406392694063926,0.9680365296803652,0.5338983050847458,0.5720338983050848,0.614406779661017,0.690677966101695,0.7457627118644068,0.7669491525423728,0.826271186440678,0.5211864406779662,0.5635593220338984,0.6059322033898306,0.6822033898305084,0.7457627118644068,0.7754237288135594,0.8305084745762712,0.7351598173515982,0.908675799086758,0.958904109589041,1.004566210045662,1.0228310502283104,1.0273972602739727,1.0410958904109588,0.4957627118644068,0.6838983050847457,0.7923728813559322,0.8389830508474576,0.864406779661017,0.8771186440677966,0.8898305084745762,0.423728813559322,0.6101694915254238,0.7245762711864406,0.7754237288135594,0.809322033898305,0.8220338983050848,0.847457627118644
72,seg26,auto,154.0,0.8905590717299579,0.6905829596412556,0.7354260089686099,0.7623318385650224,0.8340807174887892,0.874439461883408,0.8923766816143498,0.9372197309417041,0.45867768595041325,0.5247933884297521,0.5826446280991735,0.6487603305785123,0.7024793388429752,0.743801652892562,0.8181818181818182,0.4149377593360996,0.4854771784232365,0.5394190871369294,0.6058091286307054,0.6680497925311203,0.7136929460580913,0.7925311203319502,0.7982062780269058,0.820627802690583,0.8295964125560538,0.8430493273542601,0.8565022421524664,0.8609865470852018,0.874439461883408,0.512396694214876,0.5371900826446281,0.5537190082644629,0.5867768595041323,0.6115702479338843,0.6198347107438017,0.6363636363636364,0.47717842323651455,0.49377593360995853,0.5062240663900415,0.5269709543568465,0.5477178423236515,0.5560165975103735,0.5767634854771784
73,seg26,auto,119.0,0.9056280027453671,0.8248847926267281,0.847926267281106,0.8663594470046083,0.8940092165898618,0.9354838709677419,0.9539170506912442,0.9861751152073732,0.5862068965517241,0.625,0.6594827586206896,0.7155172413793104,0.7844827586206896,0.8663793103448276,0.9400862068965513,0.5493562231759657,0.6051502145922747,0.6351931330472103,0.6738197424892703,0.721030042918455,0.8068669527896996,0.9055793991416309,0.5668202764976958,0.6682027649769585,0.7373271889400922,0.8525345622119815,0.880184331797235,0.8940092165898618,0.9078341013824884,0.3275862068965517,0.3922413793103448,0.46120689655172414,0.625,0.6681034482758621,0.6853448275862069,0.7112068965517241,0.2875536480686695,0.33905579399141633,0.39914163090128757,0.5622317596566524,0.6008583690987125,0.6180257510729614,0.648068669527897
74,seg26,auto,144.0,0.8641498216409037,0.6863636363636364,0.7181818181818181,0.7636363636363637,0.8181818181818182,0.85,0.8636363636363636,0.8772727272727273,0.47435897435897434,0.5170940170940171,0.5512820512820513,0.5982905982905983,0.6324786324786325,0.6452991452991453,0.6782051282051275,0.41025641025641024,0.452991452991453,0.5042735042735043,0.5598290598290598,0.5897435897435898,0.6025641025641025,0.6196581196581197,0.7318181818181818,0.759090909090909,0.7772727272727272,0.8,0.8181818181818182,0.8227272727272728,0.8318181818181818,0.4700854700854701,0.5,0.5213675213675214,0.5555555555555556,0.5769230769230769,0.5811965811965812,0.5982905982905983,0.36324786324786323,0.39316239316239315,0.41025641025641024,0.4444444444444444,0.4700854700854701,0.48717948717948717,0.5
76,seg26,auto,154.0,0.8601973684210527,0.7375565610859729,0.7647058823529411,0.7873303167420814,0.832579185520362,0.8733031674208145,0.8823529411764706,0.9004524886877828,0.47435897435897434,0.5213675213675214,0.5555555555555556,0.5982905982905983,0.6324786324786325,0.6452991452991453,0.6666666666666666,0.41452991452991456,0.4700854700854701,0.5042735042735043,0.5512820512820513,0.5769230769230769,0.5897435897435898,0.6153846153846154,0.6108597285067874,0.7149321266968326,0.7647058823529411,0.8235294117647058,0.8687782805429864,0.8823529411764706,0.9049773755656109,0.36324786324786323,0.4668803418803419,0.5085470085470085,0.5854700854700855,0.6666666666666666,0.6837606837606838,0.7051282051282052,0.2948717948717949,0.3547008547008547,0.3888888888888889,0.46153846153846156,0.5299145299145299,0.5427350427350427,0.5598290598290598
77,seg26,auto,149.0,0.9217391304347826,0.6540284360189573,0.6966824644549763,0.7345971563981043,0.7962085308056872,0.8341232227488151,0.8530805687203792,0.8767772511848341,0.43612334801762115,0.4845814977973568,0.5286343612334802,0.5814977973568282,0.6211453744493393,0.6387665198237885,0.6784140969162996,0.38799126637554593,0.43231441048034935,0.4890829694323144,0.5589519650655022,0.5982532751091703,0.6157205240174672,0.6506550218340611,0.752132701421801,0.7867298578199052,0.8009478672985783,0.8246445497630331,0.8483412322274881,0.8578199052132701,0.8672985781990521,0.5682819383259912,0.6079295154185022,0.6167400881057269,0.6475770925110133,0.6740088105726872,0.6828193832599119,0.6916299559471366,0.48034934497816595,0.5240174672489083,0.5414847161572053,0.5676855895196506,0.5982532751091703,0.6069868995633187,0.6200873362445415
79,seg26,auto,148.0,0.8934331797235023,0.7291111111111112,0.7688888888888888,0.7911111111111111,0.8222222222222222,0.8577777777777778,0.8755555555555555,0.9111111111111111,0.5166666666666667,0.5458333333333333,0.5583333333333333,0.5916666666666667,0.6416666666666667,0.6708333333333333,0.7,0.48739495798319327,0.5252100840336135,0.5378151260504201,0.5756302521008403,0.6302521008403361,0.6596638655462185,0.7016806722689075,0.8977777777777778,0.9111111111111111,0.92,0.9377777777777778,0.96,0.9688888888888889,0.9777777777777777,0.7125,0.7360416666666666,0.75,0.7833333333333333,0.8083333333333333,0.8208333333333333,0.8291666666666667,0.6386554621848739,0.6680672268907563,0.6848739495798319,0.7184873949579832,0.7436974789915967,0.7563025210084033,0.7689075630252101
81,seg26,auto,117.0,0.9013605442176871,0.8153153153153153,0.8513513513513513,0.8738738738738738,0.9099099099099099,0.9279279279279279,0.9414414414414415,0.9504504504504504,0.559322033898305,0.6101694915254238,0.635593220338983,0.6822033898305084,0.7033898305084746,0.711864406779661,0.7245762711864406,0.5042372881355932,0.559322033898305,0.5889830508474576,0.6228813559322034,0.652542372881356,0.6610169491525424,0.673728813559322,0.5945945945945946,0.7612612612612613,0.8288288288288288,0.8648648648648649,0.8828828828828829,0.8918918918918919,0.9009009009009009,0.34978813559322036,0.5254237288135594,0.5847457627118644,0.6440677966101694,0.6694915254237288,0.6822033898305084,0.6949152542372882,0.3093220338983051,0.4661016949152542,0.5254237288135594,0.5805084745762712,0.6059322033898306,0.614406779661017,0.6313559322033898
82,seg26,auto,117.0,0.87336860670194,0.7293577981651376,0.7706422018348624,0.7981651376146789,0.8348623853211009,0.8623853211009175,0.8807339449541285,0.926605504587156,0.5063829787234042,0.548936170212766,0.5702127659574469,0.6085106382978723,0.6638297872340425,0.7531914893617021,0.8808510638297873,0.4472573839662447,0.4978902953586498,0.5232067510548524,0.5569620253164557,0.6033755274261603,0.6666666666666666,0.8396624472573839,0.9220183486238532,0.944954128440367,0.9541284403669725,0.963302752293578,0.9770642201834863,0.981651376146789,0.9908256880733946,0.723404255319149,0.7659574468085106,0.7787234042553192,0.8,0.8170212765957446,0.8212765957446808,0.8310638297872329,0.569620253164557,0.6118143459915611,0.6244725738396625,0.6497890295358649,0.6666666666666666,0.679324894514768,0.6962025316455697
83,seg26,auto,128.0,0.767706208102594,0.65,0.7136363636363636,0.740909090909091,0.7909090909090909,0.8318181818181818,0.85,0.8909090909090909,0.48347639484978544,0.5450643776824035,0.5836909871244635,0.6394849785407726,0.6909871244635193,0.7639484978540773,0.8497854077253219,0.46153846153846156,0.5256410256410257,0.5598290598290598,0.6196581196581197,0.6666666666666666,0.7010683760683749,0.7991452991452992,0.7272727272727273,0.8136363636363636,0.85,0.8772727272727273,0.9,0.9136363636363637,0.9227272727272727,0.5150214592274678,0.6223175965665236,0.6566523605150214,0.6995708154506438,0.7296137339055794,0.7467811158798283,0.7682403433476395,0.4444444444444444,0.5341880341880342,0.5641025641025641,0.6111111111111112,0.6410256410256411,0.6581196581196581,0.6837606837606838
84,seg26,auto,145.0,0.9005145797598628,0.7129629629629629,0.7638888888888888,0.7916666666666666,0.8240740740740741,0.8472222222222222,0.8611111111111112,0.8796296296296297,0.4845814977973568,0.540088105726872,0.5594713656387665,0.5947136563876652,0.6299559471365639,0.6475770925110133,0.6607929515418502,0.4342105263157895,0.49824561403508755,0.5263157894736842,0.5789473684210527,0.6140350877192983,0.6271929824561403,0.6403508771929824,0.6018518518518519,0.7129629629629629,0.8194444444444444,0.8703703703703703,0.8981481481481481,0.9027777777777778,0.9166666666666666,0.3700440528634361,0.4845814977973568,0.5903083700440529,0.6519823788546255,0.6784140969162996,0.6872246696035242,0.7048458149779736,0.3026315789473684,0.39035087719298245,0.4780701754385965,0.543859649122807,0.5789473684210527,0.5877192982456141,0.6052631578947368
85,seg26,auto,136.0,0.8940748096656737,0.6435185185185185,0.7129629629629629,0.7407407407407407,0.7870370370370371,0.8287037037037037,0.8472222222222222,0.8703703703703703,0.42105263157894735,0.4956140350877193,0.5263157894736842,0.5745614035087719,0.6271929824561403,0.6491228070175439,0.6710526315789473,0.3782608695652174,0.45217391304347826,0.4826086956521739,0.5260869565217391,0.591304347826087,0.6130434782608696,0.6347826086956522,0.37962962962962965,0.5879629629629629,0.6527777777777778,0.7314814814814815,0.7962962962962963,0.8333333333333334,0.8564814814814815,0.2324561403508772,0.37280701754385964,0.4298245614035088,0.5175438596491229,0.5789473684210527,0.6052631578947368,0.631578947368421,0.20869565217391303,0.30869565217391304,0.3521739130434783,0.4217391304347826,0.49130434782608695,0.5130434782608696,0.5391304347826087
86,seg26,auto,98.0,0.8725988700564972,0.8119266055045872,0.8532110091743119,0.8807339449541285,0.9220183486238532,0.944954128440367,0.9541284403669725,0.963302752293578,0.5617021276595745,0.6263829787234042,0.6595744680851063,0.7276595744680852,0.7659574468085106,0.774468085106383,0.7914893617021277,0.5,0.5677966101694916,0.6059322033898306,0.690677966101695,0.7330508474576272,0.7457627118644068,0.7627118644067796,0.5642201834862385,0.7660550458715596,0.8348623853211009,0.8669724770642202,0.8807339449541285,0.8899082568807339,0.8990825688073395,0.3404255319148936,0.5319148936170213,0.5914893617021276,0.625531914893617,0.6468085106382979,0.6553191489361702,0.6680851063829787,0.2966101694915254,0.4449152542372881,0.4788135593220339,0.5127118644067796,0.5423728813559322,0.5550847457627118,0.5720338983050848
87,seg26,auto,111.0,0.8790922619047619,0.8177777777777778,0.8666666666666667,0.9066666666666666,0.9555555555555556,0.9955555555555555,1.0133333333333334,1.04,0.5785123966942148,0.6322314049586777,0.6694214876033058,0.7479338842975206,0.8305785123966942,0.8553719008264463,0.9049586776859504,0.5228215767634855,0.5767634854771784,0.6182572614107884,0.7053941908713693,0.7966804979253111,0.8257261410788381,0.8796680497925311,0.6222222222222222,0.7466666666666667,0.8933333333333333,0.9777777777777777,0.9911111111111112,0.9955555555555555,1.008888888888889,0.39669421487603307,0.5082644628099173,0.6363636363636364,0.7355371900826446,0.7644628099173554,0.7768595041322314,0.7975206611570248,0.3360995850622407,0.44813278008298757,0.5352697095435685,0.6224066390041494,0.6680497925311203,0.6846473029045643,0.7261410788381742
88,seg26,auto,155.0,0.8915441176470589,0.6186046511627907,0.6790697674418604,0.7209302325581395,0.7767441860465116,0.8232558139534883,0.8372093023255814,0.8558139534883721,0.4217391304347826,0.48695652173913045,0.5260869565217391,0.6043478260869565,0.6478260869565218,0.6652173913043479,0.7086956521739131,0.35064935064935066,0.4329004329004329,0.48484848484848486,0.5627705627705628,0.6103896103896104,0.6320346320346321,0.658225108225107,0.5534883720930233,0.7441860465116279,0.7953488372093023,0.8372093023255814,0.8604651162790697,0.8697674418604651,0.8790697674418605,0.34347826086956523,0.5304347826086957,0.5826086956521739,0.6260869565217392,0.6478260869565218,0.6565217391304348,0.6695652173913044,0.2727272727272727,0.38961038961038963,0.44155844155844154,0.48917748917748916,0.5151515151515151,0.5238095238095238,0.5411255411255411
89,seg26,auto,145.0,0.8926282051282052,0.5656108597285068,0.6877828054298643,0.7239819004524887,0.7782805429864253,0.8144796380090498,0.832579185520362,0.8597285067873304,0.37344398340248963,0.46473029045643155,0.5010373443983402,0.5809128630705395,0.6348547717842323,0.6556016597510373,0.6887966804979253,0.3125,0.38333333333333336,0.42083333333333334,0.525,0.5791666666666667,0.6,0.6291666666666667,0.4796380090497738,0.6108597285067874,0.6742081447963801,0.8257918552036199,0.8687782805429864,0.8778280542986425,0.8959276018099548,0.29045643153526973,0.38589211618257263,0.43568464730290457,0.5850622406639004,0.6265560165975104,0.6348547717842323,0.6473029045643154,0.25,0.30833333333333335,0.3416666666666667,0.49166666666666664,0.5416666666666666,0.5541666666666667,0.5677083333333334
91,seg26,auto,130.0,0.9261363636363636,0.7555555555555555,0.7955555555555556,0.8177777777777778,0.8533333333333334,0.8844444444444445,0.8977777777777778,0.92,0.4810126582278481,0.5274261603375527,0.5527426160337553,0.5907172995780591,0.6413502109704642,0.6833333333333326,0.7932489451476793,0.4230769230769231,0.47435897435897434,0.5042735042735043,0.5470085470085471,0.594017094017094,0.6196581196581197,0.7222222222222222,0.8266666666666667,0.8666666666666667,0.8844444444444445,0.9022222222222223,0.92,0.9288888888888889,0.9422222222222222,0.5949367088607594,0.6455696202531646,0.6624472573839663,0.6835443037974683,0.7088607594936709,0.7172995780590717,0.729957805907173,0.47863247863247865,0.5384615384615384,0.5641025641025641,0.594017094017094,0.6196581196581197,0.6282051282051282,0.6452991452991453
93,seg26,auto,133.0,0.8703888334995015,0.663594470046083,0.695852534562212,0.7188940092165899,0.7603686635944701,0.7880184331797235,0.8018433179723502,0.815668202764977,0.46551724137931033,0.5,0.5129310344827587,0.5517241379310345,0.5905172413793104,0.6077586206896551,0.6293103448275862,0.44206008583690987,0.48068669527896996,0.4978540772532189,0.5364806866952789,0.575107296137339,0.592274678111588,0.6137339055793991,0.48847926267281105,0.6497695852534562,0.7235023041474654,0.7972350230414746,0.8525345622119815,0.8663594470046083,0.880184331797235,0.31896551724137934,0.4525862068965517,0.5258620689655172,0.603448275862069,0.6724137931034483,0.6853448275862069,0.7068965517241379,0.2832618025751073,0.38626609442060084,0.45493562231759654,0.5364806866952789,0.592274678111588,0.6094420600858369,0.630901287553648
95,seg26,auto,119.0,0.8719604863221885,0.7235023041474654,0.7511520737327189,0.7741935483870968,0.8202764976958525,0.8617511520737328,0.8755760368663594,0.8940092165898618,0.5148936170212766,0.5493617021276594,0.574468085106383,0.6297872340425532,0.6638297872340425,0.676595744680851,0.7063829787234043,0.4745762711864407,0.5169491525423728,0.5508474576271186,0.6186440677966102,0.6610169491525424,0.673728813559322,0.7033898305084746,0.9124423963133641,0.9262672811059908,0.9354838709677419,0.9447004608294931,0.9539170506912442,0.9539170506912442,0.9631336405529954,0.6851063829787234,0.7148936170212766,0.7319148936170212,0.7574468085106383,0.7702127659574468,0.7702127659574468,0.774468085106383,0.6101694915254238,0.6398305084745762,0.6652542372881356,0.690677966101695,0.7076271186440678,0.7076271186440678,0.711864406779661
97,seg26,auto,137.0,0.9030448717948718,0.6296296296296297,0.7083333333333334,0.7314814814814815,0.7731481481481481,0.8148148148148148,0.8333333333333334,0.8472222222222222,0.4176855895196507,0.4890829694323144,0.5109170305676856,0.5458515283842795,0.5895196506550219,0.611353711790393,0.6375545851528385,0.3826086956521739,0.45652173913043476,0.4782608695652174,0.5130434782608696,0.5695652173913044,0.591304347826087,0.6217391304347826,0.4386574074074074,0.5879629629629629,0.6481481481481481,0.7222222222222222,0.7731481481481481,0.7916666666666666,0.8101851851851852,0.27074235807860264,0.3799126637554585,0.4279475982532751,0.49344978165938863,0.537117903930131,0.5545851528384279,0.5676855895196506,0.20869565217391303,0.2782608695652174,0.30434782608695654,0.34782608695652173,0.3782608695652174,0.3869565217391304,0.4043478260869565
98,seg26,auto,118.0,0.8611111111111112,0.7314814814814815,0.7916666666666666,0.8287037037037037,0.8842592592592593,0.9212962962962963,0.9305555555555556,0.9398148148148148,0.5450643776824035,0.592274678111588,0.630901287553648,0.6909871244635193,0.7424892703862661,0.7553648068669528,0.7811158798283262,0.47863247863247865,0.5367521367521366,0.5726495726495726,0.6367521367521367,0.6923076923076923,0.7051282051282052,0.7307692307692307,0.4210648148148149,0.6157407407407407,0.7268518518518519,0.8171296296296297,0.8888888888888888,0.9027777777777778,0.9212962962962963,0.3218884120171674,0.44206008583690987,0.5236051502145923,0.6223175965665236,0.7124463519313304,0.7296137339055794,0.7510729613733905,0.3162393162393162,0.3974358974358974,0.45726495726495725,0.5470085470085471,0.6410256410256411,0.6623931623931624,0.688034188034188
99,seg26,auto,151.0,0.8757183908045977,0.6986301369863014,0.7442922374429224,0.7671232876712328,0.817351598173516,0.867579908675799,0.8949771689497716,0.9223744292237442,0.4698275862068966,0.5086206896551724,0.5301724137931034,0.5862068965517241,0.6681034482758621,0.7131465517241371,0.7586206896551724,0.4396551724137931,0.4827586206896552,0.5086206896551724,0.5668103448275862,0.6508620689655172,0.6939655172413793,0.7327586206896551,0.726027397260274,0.7554794520547945,0.776255707762557,0.8036529680365296,0.8264840182648402,0.8401826484018264,0.8584474885844748,0.5129310344827587,0.5364224137931034,0.5517241379310345,0.5775862068965517,0.6077586206896551,0.625,0.646551724137931,0.4353448275862069,0.45689655172413796,0.47413793103448276,0.4956896551724138,0.5258620689655172,0.5431034482758621,0.5646551724137931
100,seg26,auto,129.0,0.8491304347826087,0.7444933920704846,0.7973568281938326,0.8414096916299559,0.8722466960352423,0.8986784140969163,0.9074889867841409,0.9251101321585903,0.47063829787234046,0.5404255319148936,0.574468085106383,0.6297872340425532,0.6595744680851063,0.6680851063829787,0.6851063829787234,0.4110169491525424,0.4830508474576271,0.5254237288135594,0.5889830508474576,0.6313559322033898,0.6398305084745762,0.652542372881356,0.5944933920704846,0.7841409691629956,0.8281938325991189,0.8458149779735683,0.8678414096916299,0.8766519823788547,0.8854625550660793,0.37,0.5617021276595745,0.624468085106383,0.6510638297872341,0.6680851063829787,0.6808510638297872,0.6978723404255319,0.3177966101694915,0.4491525423728814,0.5042372881355932,0.5338983050847458,0.5550847457627118,0.5635593220338984,0.5805084745762712
102,seg26,auto,149.0,0.8853948287910552,0.7397260273972602,0.771689497716895,0.7945205479452054,0.8310502283105022,0.8584474885844748,0.863013698630137,0.8721461187214612,0.5,0.5431034482758621,0.5689655172413793,0.5948275862068966,0.6077586206896551,0.625,0.6508620689655172,0.4482758620689655,0.4956896551724138,0.5301724137931034,0.5689655172413793,0.5862068965517241,0.5948275862068966,0.6206896551724138,0.817351598173516,0.8310502283105022,0.8401826484018264,0.8584474885844748,0.8767123287671232,0.8949771689497716,0.908675799086758,0.5948275862068966,0.6163793103448276,0.6206896551724138,0.6422413793103449,0.6637931034482759,0.6767241379310345,0.6939655172413793,0.4956896551724138,0.5172413793103449,0.5301724137931034,0.5517241379310345,0.5775862068965517,0.5862068965517241,0.6077586206896551
103,seg26,auto,136.0,0.9024294670846394,0.7232142857142857,0.8035714285714286,0.8303571428571429,0.8705357142857143,0.90625,0.9241071428571429,0.9464285714285714,0.4767932489451477,0.5485232067510548,0.5822784810126582,0.620253164556962,0.6582278481012658,0.679324894514768,0.7046413502109705,0.4219409282700422,0.4978902953586498,0.5358649789029536,0.5780590717299579,0.6160337552742616,0.6329113924050633,0.6582278481012658,0.7321428571428571,0.7857142857142857,0.7946428571428571,0.8125,0.8258928571428571,0.8303571428571429,0.8392857142857143,0.47257383966244726,0.5232067510548524,0.5358649789029536,0.5569620253164557,0.569620253164557,0.5780590717299579,0.5907172995780591,0.3924050632911392,0.4246835443037974,0.4388185654008439,0.459915611814346,0.4810126582278481,0.48945147679324896,0.5063291139240507
104,seg26,auto,95.0,0.9007263922518159,0.7589285714285714,0.7901785714285714,0.8303571428571429,0.8794642857142857,0.9151785714285714,0.9241071428571429,0.9375,0.5358649789029536,0.5654008438818565,0.5991561181434599,0.6708860759493671,0.7088607594936709,0.7172995780590717,0.7383966244725738,0.48523206751054854,0.5232067510548524,0.5485232067510548,0.6286919831223629,0.6708860759493671,0.6835443037974683,0.7088607594936709,0.6830357142857143,0.7946428571428571,0.8370535714285714,0.9017857142857143,0.9330357142857143,0.9464285714285714,0.9553571428571429,0.4767932489451477,0.5864978902953587,0.6413502109704642,0.729957805907173,0.7763713080168776,0.7932489451476793,0.8016877637130801,0.3924050632911392,0.5063291139240507,0.5654008438818565,0.6540084388185654,0.7130801687763713,0.7257383966244726,0.7383966244725738
105,seg26,auto,58.0,0.9217171717171717,0.8657407407407407,0.8842592592592593,0.9027777777777778,0.9259259259259259,0.9444444444444444,0.9537037037037037,1.0185185185185186,0.6222222222222222,0.6622222222222223,0.6933333333333334,0.76,0.8044444444444444,0.8266666666666667,0.9777777777777777,0.5374449339207048,0.5947136563876652,0.6343612334801763,0.7048458149779736,0.762114537444934,0.7841409691629956,0.9383259911894273,0.5601851851851852,0.8379629629629629,0.8935185185185185,0.9675925925925926,1.0092592592592593,1.0185185185185186,1.0324074074074074,0.44,0.6533333333333333,0.7466666666666667,0.8533333333333334,0.8933333333333333,0.9066666666666666,0.9377777777777778,0.3964757709251101,0.5418502202643172,0.6299559471365639,0.762114537444934,0.8061674008810573,0.8281938325991189,0.8678414096916299
106,seg26,auto,128.0,0.8990015360983102,0.740909090909091,0.7772727272727272,0.8,0.85,0.8772727272727273,0.8863636363636364,0.9045454545454545,0.5,0.5517241379310345,0.5862068965517241,0.6379310344827587,0.6594827586206896,0.6724137931034483,0.6982758620689655,0.43103448275862066,0.4956896551724138,0.5431034482758621,0.603448275862069,0.6508620689655172,0.6637931034482759,0.6853448275862069,0.5272727272727272,0.6181818181818182,0.6681818181818182,0.7454545454545455,0.8,0.8227272727272728,0.8409090909090909,0.31896551724137934,0.39655172413793105,0.4525862068965517,0.5258620689655172,0.5689655172413793,0.5862068965517241,0.6077586206896551,0.2629310344827586,0.3146551724137931,0.3448275862068966,0.39655172413793105,0.44396551724137934,0.46551724137931033,0.49137931034482757
107,seg26,auto,152.0,0.8671679197994987,0.6866359447004609,0.7327188940092166,0.7649769585253456,0.8064516129032258,0.8294930875576036,0.8433179723502304,0.8525345622119815,0.43612334801762115,0.5110132158590308,0.5418502202643172,0.5770925110132159,0.6035242290748899,0.6211453744493393,0.6828193832599119,0.41228070175438597,0.4868421052631579,0.5219298245614035,0.5701754385964912,0.6008771929824561,0.6140350877192983,0.6929824561403509,0.5944700460829493,0.6912442396313364,0.7373271889400922,0.7741935483870968,0.8018433179723502,0.8110599078341014,0.8248847926267281,0.36123348017621143,0.41409691629955947,0.45374449339207046,0.4933920704845815,0.5286343612334802,0.5374449339207048,0.5506607929515418,0.3201754385964912,0.35526315789473684,0.3815789473684211,0.4166666666666667,0.4473684210526316,0.4649122807017544,0.4824561403508772
109,seg26,auto,142.0,0.8565217391304348,0.7614678899082569,0.8119266055045872,0.8348623853211009,0.8715596330275229,0.8990825688073395,0.908256880733945,0.9220183486238532,0.47577092511013214,0.5374449339207048,0.5682819383259912,0.6123348017621145,0.6431718061674009,0.6563876651982379,0.7299559471365631,0.44933920704845814,0.5066079295154186,0.5374449339207048,0.5903083700440529,0.6211453744493393,0.6343612334801763,0.7079295154185014,0.6972477064220184,0.7844036697247706,0.8451834862385321,0.8853211009174312,0.8990825688073395,0.908256880733945,0.9174311926605505,0.416079295154185,0.5169603524229074,0.6079295154185022,0.6475770925110133,0.6651982378854625,0.6740088105726872,0.6828193832599119,0.3524229074889868,0.44933920704845814,0.5330396475770925,0.5903083700440529,0.6079295154185022,0.6167400881057269,0.6299559471365639
110,seg26,auto,123.0,0.8542413381123058,0.8245614035087719,0.8728070175438597,0.8947368421052632,0.9298245614035088,0.9649122807017544,0.9780701754385965,0.9912280701754386,0.5560165975103735,0.6307053941908713,0.6763485477178424,0.7344398340248963,0.7759336099585062,0.7925311203319502,0.8091286307053942,0.49583333333333335,0.5708333333333333,0.6166666666666667,0.6875,0.7375,0.7541666666666667,0.7791666666666667,0.8464912280701754,0.8947368421052632,0.9078947368421053,0.9254385964912281,0.9473684210526315,0.956140350877193,0.9649122807017544,0.6182572614107884,0.6846473029045643,0.7012448132780082,0.7344398340248963,0.7551867219917012,0.7676348547717843,0.7842323651452282,0.5306250000000001,0.5916666666666667,0.6125,0.6458333333333334,0.6708333333333333,0.6833333333333333,0.7041666666666667
111,seg26,auto,120.0,0.9390801096558026,0.6936936936936937,0.7297297297297297,0.7612612612612613,0.8198198198198198,0.8603603603603603,0.8693693693693694,0.8873873873873874,0.4829059829059829,0.5341880341880342,0.5555555555555556,0.6025641025641025,0.6410256410256411,0.6623931623931624,0.6965811965811965,0.4279661016949153,0.4788135593220339,0.5084745762711864,0.5550847457627118,0.597457627118644,0.6228813559322034,0.6652542372881356,0.7342342342342343,0.7612612612612613,0.7882882882882883,0.8288288288288288,0.8693693693693694,0.8783783783783784,0.8873873873873874,0.5256410256410257,0.5555555555555556,0.5811965811965812,0.6196581196581197,0.6410256410256411,0.6495726495726496,0.6709401709401709,0.4745762711864407,0.5,0.5211864406779662,0.5635593220338984,0.5847457627118644,0.6016949152542372,0.6228813559322034
120,seg26,auto,124.0,0.8784271284271284,0.7385321100917431,0.7981651376146789,0.8440366972477065,0.8853211009174312,0.9174311926605505,0.9311926605504587,0.9587155963302753,0.47106382978723405,0.5617021276595745,0.6085106382978723,0.6468085106382979,0.6808510638297872,0.7063829787234043,0.8042553191489362,0.4152542372881356,0.5,0.5338983050847458,0.5635593220338984,0.6016949152542372,0.6271186440677966,0.7330508474576272,0.7064220183486238,0.7752293577981652,0.8256880733944955,0.8853211009174312,0.9220183486238532,0.9357798165137615,0.9495412844036697,0.4425531914893617,0.502127659574468,0.5659574468085107,0.6468085106382979,0.6936170212765957,0.7106382978723405,0.7276595744680852,0.3559322033898305,0.4025423728813559,0.461864406779661,0.5508474576271186,0.597457627118644,0.6101694915254238,0.6228813559322034
121,seg26,auto,151.0,0.8721889055472264,0.7009345794392523,0.7476635514018691,0.7710280373831776,0.8037383177570093,0.8317757009345794,0.8457943925233645,0.8598130841121495,0.4847161572052402,0.5240174672489083,0.5633187772925764,0.6069868995633187,0.6462882096069869,0.6681222707423581,0.6943231441048034,0.41125541125541126,0.46320346320346323,0.5064935064935064,0.5714285714285714,0.6190476190476191,0.6367965367965364,0.670995670995671,0.8504672897196262,0.8785046728971962,0.8925233644859814,0.9112149532710281,0.9299065420560748,0.9392523364485982,0.9485981308411215,0.6593886462882096,0.7205240174672489,0.7336244541484717,0.7554585152838428,0.7729257641921398,0.7816593886462883,0.7991266375545851,0.5324675324675324,0.5800865800865801,0.6017316017316018,0.6277056277056277,0.645021645021645,0.658008658008658,0.670995670995671
123,seg26,auto,95.0,0.8347868217054264,0.8333333333333334,0.8648648648648649,0.8783783783783784,0.9099099099099099,0.9459459459459459,0.9594594594594594,0.9774774774774775,0.5991379310344828,0.6293103448275862,0.646551724137931,0.6982758620689655,0.7456896551724138,0.771551724137931,0.8060344827586207,0.5172413793103449,0.5517241379310345,0.5689655172413793,0.6077586206896551,0.6422413793103449,0.6594827586206896,0.6896551724137931,0.6756756756756757,0.7972972972972973,0.8558558558558559,0.9369369369369369,0.9684684684684685,0.972972972972973,0.9819819819819819,0.43103448275862066,0.5689655172413793,0.6508620689655172,0.7521551724137931,0.8232758620689655,0.8362068965517241,0.853448275862069,0.30603448275862066,0.43103448275862066,0.5043103448275862,0.603448275862069,0.6681034482758621,0.6853448275862069,0.7068965517241379
124,seg26,auto,91.0,0.9220521541950113,0.801762114537445,0.8361233480176209,0.8502202643171806,0.8766519823788547,0.9074889867841409,0.9162995594713657,0.9295154185022027,0.5361702127659574,0.574468085106383,0.6042553191489362,0.6382978723404256,0.6595744680851063,0.6893617021276596,0.7361702127659574,0.4533898305084746,0.5084745762711864,0.538135593220339,0.5847457627118644,0.6059322033898306,0.6271186440677966,0.6694915254237288,0.775330396475771,0.7929515418502202,0.8061674008810573,0.8458149779735683,0.8678414096916299,0.8766519823788547,0.8810572687224669,0.5872340425531914,0.6085106382978723,0.625531914893617,0.6638297872340425,0.6936170212765957,0.6978723404255319,0.7063829787234043,0.4576271186440678,0.4830508474576271,0.5021186440677966,0.538135593220339,0.559322033898305,0.5635593220338984,0.576271186440678
125,seg26,auto,129.0,0.9091880341880342,0.7455357142857143,0.8035714285714286,0.8214285714285714,0.84375,0.8660714285714286,0.875,0.9017857142857143,0.559322033898305,0.6186440677966102,0.6313559322033898,0.6567796610169492,0.6949152542372882,0.711864406779661,0.7415254237288136,0.46835443037974683,0.5232067510548524,0.5464135021097046,0.5780590717299579,0.6033755274261603,0.620253164556962,0.6540084388185654,0.7946428571428571,0.7982142857142858,0.8169642857142857,0.8482142857142857,0.8571428571428571,0.8616071428571429,0.8624999999999999,0.6550847457627118,0.6627118644067796,0.6652542372881356,0.6864406779661016,0.7203389830508474,0.7322033898305085,0.7432203389830508,0.509704641350211,0.5164556962025316,0.540084388185654,0.5780590717299579,0.5907172995780591,0.5932489451476793,0.6008438818565401
126,seg26,auto,125.0,0.8101802757158006,0.788546255506608,0.8634361233480177,0.9030837004405287,0.933920704845815,0.9515418502202643,0.960352422907489,0.9823788546255506,0.5253138075313808,0.6569037656903766,0.702928870292887,0.7573221757322176,0.7907949790794979,0.8257322175732213,0.9330543933054394,0.46443514644351463,0.606694560669456,0.6610878661087866,0.7364016736401674,0.7698744769874477,0.7949790794979079,0.9205020920502092,0.7665198237885462,0.8546255506607929,0.8898678414096917,0.9295154185022027,0.9515418502202643,0.960352422907489,0.9691629955947136,0.5230125523012552,0.6401673640167364,0.6820083682008368,0.7489539748953975,0.7866108786610879,0.799163179916318,0.8158995815899581,0.4100418410041841,0.5230125523012552,0.5648535564853556,0.6443514644351465,0.6903765690376569,0.702928870292887,0.7280334728033473
128,seg26,auto,139.0,0.9219187675070029,0.7366071428571429,0.7901785714285714,0.8125,0.8616071428571429,0.8883928571428571,0.9017857142857143,0.9241071428571429,0.4730290456431535,0.5352697095435685,0.5643153526970954,0.6307053941908713,0.6804979253112033,0.7012448132780082,0.7925311203319502,0.4083333333333333,0.4875,0.525,0.6083333333333333,0.6708333333333333,0.6916666666666667,0.7208333333333333,0.6774553571428571,0.7767857142857143,0.7946428571428571,0.8303571428571429,0.8660714285714286,0.875,0.8973214285714286,0.46887966804979253,0.5975103734439834,0.6224066390041494,0.6473029045643154,0.6815352697095436,0.6970954356846473,0.7136929460580913,0.39791666666666664,0.5052083333333334,0.5333333333333333,0.5708333333333333,0.5916666666666667,0.6041666666666666,0.6208333333333333
129,seg26,auto,148.0,0.9042881646655232,0.7050691244239631,0.7327188940092166,0.7603686635944701,0.8018433179723502,0.8387096774193549,0.8571428571428571,0.880184331797235,0.47639484978540775,0.5107296137339056,0.5321888412017167,0.5665236051502146,0.6051502145922747,0.6223175965665236,0.648068669527897,0.42735042735042733,0.47435897435897434,0.5042735042735043,0.5512820512820513,0.5811965811965812,0.5982905982905983,0.6239316239316239,0.847926267281106,0.8709677419354839,0.8847926267281107,0.9032258064516129,0.9124423963133641,0.9216589861751152,0.9308755760368663,0.6137339055793991,0.6437768240343348,0.6609442060085837,0.6952789699570815,0.7167381974248928,0.7296137339055794,0.7467811158798283,0.5726495726495726,0.5982905982905983,0.6153846153846154,0.6452991452991453,0.6666666666666666,0.6794871794871795,0.7051282051282052
130,seg26,auto,152.0,0.9147869674185464,0.695067264573991,0.7399103139013453,0.7847533632286996,0.8475336322869955,0.8834080717488789,0.8968609865470852,0.9103139013452914,0.4658119658119658,0.5384615384615384,0.6068376068376068,0.6752136752136753,0.7136752136752137,0.7307692307692307,0.7606837606837606,0.41702127659574467,0.4978723404255319,0.5829787234042553,0.6425531914893617,0.6893617021276596,0.7106382978723405,0.7446808510638298,0.6905829596412556,0.7174887892376681,0.7309417040358744,0.757847533632287,0.7757847533632287,0.7847533632286996,0.8026905829596412,0.47863247863247865,0.5042735042735043,0.5170940170940171,0.5384615384615384,0.5555555555555556,0.5683760683760684,0.5811965811965812,0.3574468085106383,0.3872340425531915,0.40425531914893614,0.4340425531914894,0.4595744680851064,0.46808510638297873,0.4851063829787234
131,seg26,auto,131.0,0.8948979591836734,0.7104072398190046,0.7375565610859729,0.7782805429864253,0.832579185520362,0.8642533936651584,0.8778280542986425,0.8914027149321267,0.4678111587982833,0.5107296137339056,0.5622317596566524,0.6137339055793991,0.648068669527897,0.6652360515021459,0.7081545064377682,0.4358974358974359,0.5,0.5341880341880342,0.5854700854700855,0.6217948717948718,0.6452991452991453,0.6858974358974359,0.5653846153846155,0.7375565610859729,0.8144796380090498,0.8552036199095022,0.8823529411764706,0.8914027149321267,0.9049773755656109,0.44635193133047213,0.5315450643776822,0.6051502145922747,0.6609442060085837,0.6952789699570815,0.7081545064377682,0.721030042918455,0.4017094017094017,0.48717948717948717,0.5299145299145299,0.5811965811965812,0.6153846153846154,0.6282051282051282,0.6452991452991453
133,seg26,auto,150.0,0.8920754716981132,0.8044444444444444,0.8266666666666667,0.8355555555555556,0.8622222222222222,0.8888888888888888,0.8977777777777778,0.9155555555555556,0.5774058577405857,0.6276150627615062,0.6558577405857741,0.6903765690376569,0.7071129707112971,0.7112970711297071,0.7196652719665272,0.4650627615062762,0.5439330543933054,0.602510460251046,0.6652719665271967,0.6903765690376569,0.698744769874477,0.7112970711297071,0.6533333333333333,0.8444444444444444,0.8888888888888888,0.9111111111111111,0.9333333333333333,0.9377777777777778,0.9511111111111111,0.39748953974895396,0.6317991631799164,0.698744769874477,0.7364016736401674,0.7656903765690377,0.7740585774058577,0.7866108786610879,0.28451882845188287,0.49372384937238495,0.5564853556485355,0.606694560669456,0.6317991631799164,0.6401673640167364,0.6527196652719666
134,seg26,auto,141.0,0.8897802581095221,0.7990867579908676,0.821917808219178,0.8356164383561644,0.8584474885844748,0.8858447488584474,0.908675799086758,0.9315068493150684,0.5431034482758621,0.5646551724137931,0.5862068965517241,0.625,0.6681034482758621,0.6939655172413793,0.7370689655172413,0.5236051502145923,0.5450643776824035,0.5665236051502146,0.6137339055793991,0.6609442060085837,0.6995708154506438,0.7510729613733905,0.7168949771689498,0.7442922374429224,0.7671232876712328,0.8082191780821918,0.8401826484018264,0.8584474885844748,0.8812785388127854,0.47844827586206895,0.5086206896551724,0.5301724137931034,0.5732758620689655,0.603448275862069,0.6163793103448276,0.6422413793103449,0.4034334763948498,0.43776824034334766,0.463519313304721,0.5064377682403434,0.5493562231759657,0.5708154506437768,0.592274678111588
135,seg26,auto,149.0,0.9217391304347826,0.7477876106194691,0.7876106194690266,0.8053097345132744,0.8362831858407079,0.8672566371681416,0.8849557522123894,0.915929203539823,0.5021097046413502,0.540084388185654,0.5611814345991561,0.5991561181434599,0.6413502109704642,0.6666666666666666,0.7130801687763713,0.4978902953586498,0.5232067510548524,0.5443037974683544,0.5864978902953587,0.6329113924050633,0.6624472573839663,0.7130801687763713,0.7300884955752213,0.7477876106194691,0.7654867256637168,0.8053097345132744,0.8539823008849557,0.8716814159292036,0.8893805309734514,0.4641350210970464,0.4978902953586498,0.5147679324894515,0.5569620253164557,0.5822784810126582,0.5991561181434599,0.6160337552742616,0.4050632911392405,0.4388185654008439,0.45569620253164556,0.48945147679324896,0.5147679324894515,0.5274261603375527,0.5485232067510548
136,seg26,auto,139.0,0.8605587121212122,0.6502242152466368,0.7358744394618835,0.7847533632286996,0.8475336322869955,0.8923766816143498,0.9103139013452914,0.9372197309417041,0.4602510460251046,0.5606694560669456,0.5983263598326359,0.6527196652719666,0.698744769874477,0.7196652719665272,0.7460251046025094,0.39748953974895396,0.5104602510460251,0.5606694560669456,0.6192468619246861,0.6736401673640168,0.694560669456067,0.7238493723849372,0.5201793721973094,0.6098654708520179,0.702914798206278,0.874439461883408,0.905829596412556,0.9147982062780269,0.9282511210762332,0.3179916317991632,0.37656903765690375,0.4476987447698745,0.6527196652719666,0.694560669456067,0.7071129707112971,0.7238493723849372,0.27615062761506276,0.3138075313807531,0.36401673640167365,0.5313807531380753,0.5774058577405857,0.5899581589958159,0.606694560669456
137,seg26,auto,128.0,0.9059866962305987,0.7816593886462883,0.8122270742358079,0.8296943231441049,0.8646288209606987,0.8995633187772926,0.9126637554585153,0.925764192139738,0.5355648535564853,0.5774058577405857,0.5941422594142259,0.6443514644351465,0.6778242677824268,0.694560669456067,0.702928870292887,0.47257383966244726,0.5147679324894515,0.5358649789029536,0.6033755274261603,0.6455696202531646,0.6540084388185654,0.6708860759493671,0.5720524017467249,0.7117903930131004,0.7794759825327511,0.8122270742358079,0.834061135371179,0.851528384279476,0.8602620087336245,0.3514644351464435,0.497907949790795,0.5439330543933054,0.5857740585774058,0.606694560669456,0.6234309623430963,0.6359832635983264,0.28565400843881855,0.4008438818565401,0.43037974683544306,0.46835443037974683,0.48945147679324896,0.5021097046413502,0.5147679324894515
139,seg26,auto,167.0,0.9182072829131652,0.5990990990990991,0.6756756756756757,0.7072072072072072,0.7657657657657657,0.8018018018018018,0.8198198198198198,0.8333333333333334,0.39148936170212767,0.4425531914893617,0.46808510638297873,0.5148936170212766,0.548936170212766,0.5617021276595745,0.6134042553191474,0.326271186440678,0.3855932203389831,0.4322033898305085,0.4830508474576271,0.5254237288135594,0.5338983050847458,0.5889830508474576,0.6306306306306306,0.6801801801801802,0.6936936936936937,0.7297297297297297,0.7657657657657657,0.7837837837837838,0.8063063063063063,0.41702127659574467,0.451063829787234,0.4723404255319149,0.4978723404255319,0.5319148936170213,0.5531914893617021,0.574468085106383,0.3135593220338983,0.3347457627118644,0.3432203389830508,0.3728813559322034,0.4025423728813559,0.4152542372881356,0.4364406779661017
141,seg26,auto,68.0,0.8940476190476191,0.7567567567567568,0.8128378378378378,0.8513513513513513,0.918918918918919,0.9504504504504504,0.963963963963964,0.9774774774774775,0.5148936170212766,0.5914893617021276,0.6425531914893617,0.7276595744680852,0.7787234042553192,0.8042553191489362,0.8297872340425532,0.4406779661016949,0.5211864406779662,0.5932203389830508,0.6949152542372882,0.75,0.7754237288135594,0.809322033898305,0.8423423423423423,0.8648648648648649,0.8873873873873874,0.9144144144144144,0.9324324324324325,0.9459459459459459,0.963963963963964,0.6425531914893617,0.6723404255319149,0.6978723404255319,0.7276595744680852,0.7489361702127659,0.7617021276595745,0.7829787234042553,0.5127118644067796,0.5417372881355931,0.559322033898305,0.5847457627118644,0.614406779661017,0.6313559322033898,0.6610169491525424
143,seg26,auto,118.0,0.8647457627118644,0.868421052631579,0.8903508771929824,0.9166666666666666,0.956140350877193,0.9824561403508771,0.9912280701754386,1.0043859649122806,0.6291666666666667,0.7,0.7333333333333333,0.7875,0.8333333333333334,0.8458333333333333,0.8833333333333333,0.6,0.6625,0.7041666666666667,0.7708333333333334,0.8166666666666667,0.8291666666666667,0.8666666666666667,0.5877192982456141,0.8596491228070176,0.881578947368421,0.9035087719298246,0.9166666666666666,0.9210526315789473,0.9342105263157895,0.38333333333333336,0.6458333333333334,0.6791666666666667,0.7041666666666667,0.7208333333333333,0.7291666666666666,0.7458333333333333,0.3620833333333335,0.5791666666666667,0.6041666666666666,0.6291666666666667,0.6458333333333334,0.6541666666666667,0.6708333333333333
144,seg26,auto,127.0,0.9240717563621194,0.8235294117647058,0.8461538461538461,0.8597285067873304,0.8914027149321267,0.9095022624434389,0.9140271493212669,0.9276018099547512,0.5347826086956522,0.591304347826087,0.6260869565217392,0.6695652173913044,0.7,0.7130434782608696,0.7304347826086957,0.49130434782608695,0.5217391304347826,0.5565217391304348,0.6260869565217392,0.6739130434782609,0.6956521739130435,0.7130434782608696,0.5927601809954751,0.7710407239819004,0.8461538461538461,0.8868778280542986,0.9095022624434389,0.918552036199095,0.9276018099547512,0.43478260869565216,0.5434782608695652,0.6217391304347826,0.6739130434782609,0.7043478260869566,0.7130434782608696,0.7347826086956522,0.4078260869565218,0.4886956521739129,0.5391304347826087,0.591304347826087,0.6173913043478261,0.6260869565217392,0.6478260869565218
147,seg26,auto,164.0,0.9093681917211329,0.6621004566210046,0.6940639269406392,0.7214611872146118,0.771689497716895,0.8127853881278538,0.8356164383561644,0.863013698630137,0.45217391304347826,0.49130434782608695,0.5260869565217391,0.5739130434782609,0.6086956521739131,0.6391304347826087,0.6826086956521739,0.391304347826087,0.4434782608695652,0.48695652173913045,0.5478260869565217,0.5869565217391305,0.6217391304347826,0.6652173913043479,0.4155251141552511,0.5296803652968036,0.5799086757990868,0.6438356164383562,0.7031963470319634,0.7123287671232876,0.7214611872146118,0.2682608695652174,0.3391304347826087,0.3739130434782609,0.4217391304347826,0.4652173913043478,0.47391304347826085,0.4826086956521739,0.23043478260869565,0.29130434782608694,0.30869565217391304,0.3347826086956522,0.36086956521739133,0.3695652173913043,0.3826086956521739
148,seg26,auto,139.0,0.9129967776584318,0.7831858407079646,0.8185840707964602,0.8495575221238938,0.8849557522123894,0.911504424778761,0.9247787610619469,0.9469026548672567,0.5274261603375527,0.5991561181434599,0.6329113924050633,0.6708860759493671,0.7130801687763713,0.7341772151898734,0.8270042194092827,0.5147679324894515,0.569620253164557,0.6033755274261603,0.6455696202531646,0.6919831223628692,0.7130801687763713,0.7974683544303798,0.7256637168141593,0.7831858407079646,0.8185840707964602,0.8451327433628318,0.8628318584070797,0.8716814159292036,0.8849557522123894,0.45569620253164556,0.5189873417721519,0.5780590717299579,0.6244725738396625,0.6497890295358649,0.6582278481012658,0.6708860759493671,0.4177215189873418,0.4810126582278481,0.5232067510548524,0.5822784810126582,0.6075949367088608,0.6160337552742616,0.6244725738396625
149,seg26,auto,167.0,0.8980654761904762,0.6266666666666667,0.7377777777777778,0.7822222222222223,0.8355555555555556,0.8711111111111111,0.8888888888888888,0.9066666666666666,0.40082644628099173,0.5,0.5495867768595041,0.6157024793388429,0.6611570247933884,0.6900826446280992,0.7231404958677686,0.37344398340248963,0.47717842323651455,0.5311203319502075,0.6099585062240664,0.6639004149377593,0.6887966804979253,0.7344398340248963,0.6133333333333333,0.7288888888888889,0.7644444444444445,0.7955555555555556,0.8222222222222222,0.8355555555555556,0.8488888888888889,0.384297520661157,0.5082644628099173,0.5495867768595041,0.5950413223140496,0.6198347107438017,0.6322314049586777,0.6528925619834711,0.33195020746887965,0.44398340248962653,0.48132780082987553,0.5269709543568465,0.5518672199170125,0.5643153526970954,0.5809128630705395
151,seg26,auto,112.0,0.9322033898305084,0.7816593886462883,0.8165938864628821,0.8384279475982532,0.8733624454148472,0.8995633187772926,0.9170305676855895,0.9344978165938864,0.5311203319502075,0.5643153526970954,0.5975103734439834,0.6473029045643154,0.6804979253112033,0.6970954356846473,0.7593360995850622,0.4979253112033195,0.5352697095435685,0.5726141078838174,0.6390041493775933,0.6763485477178424,0.6887966804979253,0.7385892116182573,0.6375545851528385,0.7336244541484717,0.7729257641921398,0.868995633187773,0.9082969432314411,0.9170305676855895,0.9344978165938864,0.4107883817427386,0.5190871369294604,0.5643153526970954,0.6721991701244814,0.7344398340248963,0.7468879668049793,0.7676348547717843,0.34854771784232363,0.4315352697095436,0.48132780082987553,0.5892116182572614,0.6680497925311203,0.6804979253112033,0.7053941908713693
152,seg26,auto,166.0,0.9028502609393818,0.6697247706422018,0.7018348623853211,0.7247706422018348,0.7752293577981652,0.8211009174311926,0.8385321100917429,0.8623853211009175,0.4017467248908297,0.4497816593886463,0.48034934497816595,0.5502183406113537,0.5982532751091703,0.6157205240174672,0.6419213973799127,0.34347826086956523,0.3869565217391304,0.41739130434782606,0.5173913043478261,0.5739130434782609,0.5956521739130435,0.6260869565217392,0.7293577981651376,0.7477064220183486,0.7660550458715596,0.8073394495412844,0.8394495412844036,0.8532110091743119,0.8623853211009175,0.4585152838427948,0.47161572052401746,0.4847161572052402,0.5240174672489083,0.5502183406113537,0.5633187772925764,0.5764192139737991,0.34782608695652173,0.36086956521739133,0.3739130434782609,0.41304347826086957,0.4434782608695652,0.4608695652173913,0.4782608695652174
153,seg26,auto,145.0,0.8598901098901099,0.7544642857142857,0.8214285714285714,0.84375,0.875,0.8973214285714286,0.90625,0.9696428571428564,0.5221757322175733,0.5941422594142259,0.6192468619246861,0.6652719665271967,0.7071129707112971,0.7364016736401674,0.9163179916317992,0.4957983193277311,0.5630252100840336,0.5882352941176471,0.6386554621848739,0.6848739495798319,0.7100840336134454,0.8991596638655462,0.5982142857142857,0.6875,0.75,0.7946428571428571,0.8169642857142857,0.8214285714285714,0.8348214285714286,0.3723849372384937,0.4476987447698745,0.497907949790795,0.5606694560669456,0.5899581589958159,0.5983263598326359,0.6108786610878661,0.3319327731092437,0.3949579831932773,0.4411764705882353,0.4957983193277311,0.5252100840336135,0.5378151260504201,0.5546218487394958
156,seg26,auto,155.0,0.9289678135405105,0.8035714285714286,0.8258928571428571,0.8392857142857143,0.8705357142857143,0.8928571428571429,0.8973214285714286,0.9107142857142857,0.542016806722689,0.5672268907563025,0.5840336134453782,0.6176470588235294,0.6470588235294118,0.6596638655462185,0.7058823529411765,0.5021097046413502,0.540084388185654,0.5654008438818565,0.5949367088607594,0.620253164556962,0.6371308016877637,0.70042194092827,0.8258928571428571,0.8526785714285714,0.8660714285714286,0.8839285714285714,0.90625,0.9285714285714286,0.950446428571429,0.5714285714285714,0.6260504201680672,0.6512605042016807,0.680672268907563,0.7016806722689075,0.726890756302521,0.7605042016806722,0.4641350210970464,0.5147679324894515,0.5527426160337553,0.5864978902953587,0.6118143459915611,0.6371308016877637,0.6624472573839663
158,seg26,auto,96.0,0.8965201465201466,0.7477477477477478,0.8042792792792793,0.8288288288288288,0.8738738738738738,0.9054054054054054,0.918918918918919,0.9369369369369369,0.5062761506276151,0.5690376569037657,0.5983263598326359,0.6485355648535565,0.7071129707112971,0.7280334728033473,0.7531380753138075,0.4094142259414226,0.46443514644351463,0.502092050209205,0.5941422594142259,0.6610878661087866,0.6903765690376569,0.7196652719665272,0.7837837837837838,0.8378378378378378,0.8738738738738738,0.918918918918919,0.9369369369369369,0.9414414414414415,0.9504504504504504,0.5648535564853556,0.6253138075313807,0.6569037656903766,0.702928870292887,0.7238493723849372,0.7322175732217573,0.7489539748953975,0.41422594142259417,0.4686192468619247,0.502092050209205,0.5439330543933054,0.5732217573221757,0.5857740585774058,0.606694560669456
163,seg26,auto,103.0,0.8856529004535689,0.5688888888888889,0.6755555555555556,0.7466666666666667,0.84,0.8888888888888888,0.9022222222222223,0.9244444444444444,0.39915966386554624,0.5798319327731093,0.6260504201680672,0.7058823529411765,0.7605042016806722,0.773109243697479,0.8025210084033614,0.3464285714285715,0.5378151260504201,0.5840336134453782,0.6554621848739496,0.7100840336134454,0.7310924369747899,0.7647058823529411,0.6177777777777778,0.72,0.7555555555555555,0.8177777777777778,0.8622222222222222,0.8711111111111111,0.88,0.42857142857142855,0.5168067226890757,0.5588235294117647,0.6218487394957983,0.6638655462184874,0.6722689075630253,0.6848739495798319,0.31092436974789917,0.37815126050420167,0.40336134453781514,0.4411764705882353,0.47058823529411764,0.48739495798319327,0.5042016806722689
165,seg26,auto,157.0,0.8541622760800843,0.71875,0.7544642857142857,0.7767857142857143,0.8303571428571429,0.8660714285714286,0.8794642857142857,0.90625,0.5458333333333333,0.5875,0.6083333333333333,0.65,0.6875,0.7166666666666667,0.7583333333333333,0.4900000000000001,0.5291666666666667,0.5541666666666667,0.6,0.6375,0.675,0.7208333333333333,0.7991071428571429,0.8214285714285714,0.8348214285714286,0.8526785714285714,0.8705357142857143,0.875,0.8839285714285714,0.5625,0.5875,0.6,0.625,0.6458333333333334,0.6625,0.675,0.5041666666666667,0.5291666666666667,0.5416666666666666,0.5708333333333333,0.5916666666666667,0.6041666666666666,0.6166666666666667
166,seg26,auto,93.0,0.9176602086438153,0.6524229074889869,0.7268722466960352,0.7797356828193832,0.8810572687224669,0.9118942731277533,0.920704845814978,0.9295154185022027,0.4345991561181435,0.540084388185654,0.5907172995780591,0.6835443037974683,0.7172995780590717,0.729957805907173,0.7510548523206751,0.3898305084745763,0.4915254237288136,0.5466101694915254,0.6398305084745762,0.673728813559322,0.6822033898305084,0.7033898305084746,0.6035242290748899,0.6960352422907489,0.7433920704845814,0.8546255506607929,0.8898678414096917,0.9074889867841409,0.9162995594713657,0.3924050632911392,0.4936708860759494,0.540084388185654,0.6751054852320675,0.7383966244725738,0.7510548523206751,0.7679324894514767,0.326271186440678,0.4110169491525424,0.461864406779661,0.597457627118644,0.6652542372881356,0.6822033898305084,0.6991525423728814
167,seg26,auto,151.0,0.8584905660377359,0.6902654867256637,0.7433628318584071,0.7699115044247787,0.8672566371681416,0.8938053097345132,0.9070796460176991,0.915929203539823,0.48132780082987553,0.5145228215767634,0.5643153526970954,0.7053941908713693,0.7468879668049793,0.7551867219917012,0.7717842323651453,0.4583333333333333,0.5041666666666667,0.5458333333333333,0.6958333333333333,0.7416666666666667,0.7541666666666667,0.775,0.40707964601769914,0.5575221238938053,0.6769911504424779,0.8053097345132744,0.8451327433628318,0.8539823008849557,0.8805309734513275,0.27385892116182575,0.3651452282157676,0.46887966804979253,0.6265560165975104,0.6763485477178424,0.6887966804979253,0.7053941908713693,0.2625,0.325,0.4166666666666667,0.5666666666666667,0.6125,0.6291666666666667,0.6458333333333334
168,seg26,auto,122.0,0.9053030303030303,0.8421052631578947,0.8640350877192983,0.881578947368421,0.9166666666666666,0.9385964912280702,0.9429824561403509,0.9736842105263158,0.5333333333333333,0.5833333333333334,0.6666666666666666,0.7291666666666666,0.7583333333333333,0.7708333333333334,0.8416666666666667,0.475,0.5416666666666666,0.6333333333333333,0.7083333333333334,0.7458333333333333,0.7583333333333333,0.8125,0.6754385964912281,0.793859649122807,0.8421052631578947,0.9342105263157895,0.9517543859649122,0.956140350877193,0.9649122807017544,0.42083333333333334,0.5666666666666667,0.6333333333333333,0.75,0.7875,0.7916666666666666,0.8083333333333333,0.32916666666666666,0.4666666666666667,0.5208333333333334,0.6541666666666667,0.6958333333333333,0.7041666666666667,0.7208333333333333
170,seg26,auto,68.0,0.8904440154440154,0.831858407079646,0.8716814159292036,0.8938053097345132,0.9336283185840708,0.9646017699115044,0.9778761061946902,1.0,0.6255144032921811,0.6666666666666666,0.7037037037037037,0.7818930041152263,0.831275720164609,0.8559670781893004,0.9012345679012346,0.5390946502057613,0.6049382716049383,0.6502057613168725,0.7448559670781894,0.8065843621399177,0.8395061728395061,0.8847736625514403,0.9292035398230089,0.9513274336283186,0.9646017699115044,0.9867256637168141,1.0,1.0044247787610618,1.0132743362831858,0.7983539094650206,0.8271604938271605,0.8436213991769548,0.8641975308641975,0.8806584362139918,0.8888888888888888,0.897119341563786,0.7119341563786008,0.7448559670781894,0.7654320987654321,0.7942386831275721,0.8106995884773662,0.8189300411522634,0.8353909465020576
171,seg26,auto,126.0,0.9277326106594399,0.7763157894736842,0.8114035087719298,0.8289473684210527,0.8596491228070176,0.8859649122807017,0.8991228070175439,0.9166666666666666,0.5333333333333333,0.5666666666666667,0.5916666666666667,0.6291666666666667,0.6666666666666666,0.6958333333333333,0.7722916666666663,0.46443514644351463,0.502092050209205,0.5397489539748954,0.5899581589958159,0.6317991631799164,0.6527196652719666,0.7238493723849372,0.7982456140350878,0.8245614035087719,0.8377192982456141,0.8596491228070176,0.8859649122807017,0.8947368421052632,0.9122807017543859,0.5583333333333333,0.6,0.6208333333333333,0.6458333333333334,0.6708333333333333,0.6791666666666667,0.7041666666666667,0.45188284518828453,0.4895397489539749,0.5062761506276151,0.5355648535564853,0.5606694560669456,0.569246861924686,0.5899581589958159
173,seg26,auto,159.0,0.8667002012072434,0.6919642857142857,0.7455357142857143,0.7723214285714286,0.8169642857142857,0.8616071428571429,0.8839285714285714,0.9330357142857143,0.45569620253164556,0.5189873417721519,0.5443037974683544,0.5949367088607594,0.6497890295358649,0.679324894514768,0.7921940928270043,0.38340336134453784,0.4327731092436975,0.453781512605042,0.5210084033613446,0.5798319327731093,0.6176470588235294,0.7741596638655462,0.6875,0.7410714285714286,0.7723214285714286,0.8035714285714286,0.8258928571428571,0.8348214285714286,0.8482142857142857,0.4388185654008439,0.5021097046413502,0.540084388185654,0.5738396624472574,0.5949367088607594,0.6118143459915611,0.6244725738396625,0.31092436974789917,0.36554621848739494,0.3907563025210084,0.42016806722689076,0.4411764705882353,0.4579831932773109,0.47478991596638653
174,seg26,auto,121.0,0.7683799609629147,0.7797356828193832,0.8237885462555066,0.8502202643171806,0.8942731277533039,0.920704845814978,0.933920704845815,0.947136563876652,0.5230125523012552,0.5774058577405857,0.6150627615062761,0.6652719665271967,0.7228033472803347,0.7447698744769874,0.7824267782426778,0.4686192468619247,0.5146443514644351,0.5606694560669456,0.6276150627615062,0.694560669456067,0.7280334728033473,0.7656903765690377,0.3744493392070485,0.5022026431718062,0.6651982378854625,0.8237885462555066,0.8766519823788547,0.8898678414096917,0.9030837004405287,0.28451882845188287,0.39330543933054396,0.46443514644351463,0.6485355648535565,0.7071129707112971,0.7322175732217573,0.7615062761506276,0.28451882845188287,0.36401673640167365,0.4225941422594142,0.5774058577405857,0.6443514644351465,0.6652719665271967,0.698744769874477
175,seg26,auto,158.0,0.8949019607843137,0.75,0.78125,0.8035714285714286,0.8392857142857143,0.8705357142857143,0.8839285714285714,0.9017857142857143,0.4957983193277311,0.5462184873949579,0.5882352941176471,0.6470588235294118,0.680672268907563,0.6932773109243697,0.7142857142857143,0.453781512605042,0.5,0.5504201680672269,0.634453781512605,0.6680672268907563,0.680672268907563,0.7056722689075623,0.7366071428571429,0.7544642857142857,0.7767857142857143,0.8125,0.8258928571428571,0.8348214285714286,0.84375,0.5126050420168067,0.542016806722689,0.5588235294117647,0.592436974789916,0.6092436974789915,0.6176470588235294,0.6302521008403361,0.3949579831932773,0.42857142857142855,0.4579831932773109,0.5,0.5210084033613446,0.5336134453781513,0.5462184873949579
176,seg26,auto,58.0,0.9513409961685824,0.7826666666666667,0.8488888888888889,0.88,0.9333333333333333,0.96,0.9688888888888889,0.9777777777777777,0.5732217573221757,0.6276150627615062,0.6694560669456067,0.7238493723849372,0.7531380753138075,0.7698744769874477,0.803347280334728,0.5084033613445378,0.5630252100840336,0.6092436974789915,0.6722689075630253,0.7142857142857143,0.7310924369747899,0.7773109243697479,0.5466666666666666,0.8,0.88,0.9377777777777778,0.9733333333333334,0.9866666666666667,0.9955555555555555,0.38493723849372385,0.5983263598326359,0.702928870292887,0.7866108786610879,0.8326359832635983,0.8410041841004184,0.8535564853556485,0.32121848739495806,0.47058823529411764,0.5630252100840336,0.6428571428571429,0.6890756302521008,0.6974789915966386,0.7142857142857143
177,seg26,auto,138.0,0.9076054664289959,0.7053571428571429,0.7633928571428571,0.7946428571428571,0.8482142857142857,0.8928571428571429,0.9151785714285714,0.9464285714285714,0.4978723404255319,0.5617021276595745,0.5957446808510638,0.6510638297872341,0.7063829787234043,0.7319148936170212,0.7872340425531915,0.4406779661016949,0.5127118644067796,0.5508474576271186,0.6101694915254238,0.6822033898305084,0.7076271186440678,0.75,0.8035714285714286,0.8169642857142857,0.8348214285714286,0.8571428571428571,0.875,0.8794642857142857,0.8883928571428571,0.6042553191489362,0.6170212765957447,0.6297872340425532,0.6510638297872341,0.6680851063829787,0.6808510638297872,0.6978723404255319,0.5084745762711864,0.5254237288135594,0.5338983050847458,0.5550847457627118,0.5805084745762712,0.597457627118644,0.614406779661017
178,seg26,auto,135.0,0.8688387635756056,0.8237885462555066,0.8502202643171806,0.8634361233480177,0.8986784140969163,0.9251101321585903,0.9383259911894273,0.960352422907489,0.5864978902953587,0.6075949367088608,0.620253164556962,0.6540084388185654,0.6962025316455697,0.7130801687763713,0.7597046413502098,0.5569620253164557,0.5864978902953587,0.6033755274261603,0.6286919831223629,0.6708860759493671,0.6877637130801688,0.7215189873417721,0.8854625550660793,0.9030837004405287,0.9162995594713657,0.933920704845815,0.947136563876652,0.9515418502202643,0.960352422907489,0.7257383966244726,0.7468354430379747,0.7679324894514767,0.7974683544303798,0.810126582278481,0.8227848101265823,0.8354430379746836,0.6455696202531646,0.6751054852320675,0.6962025316455697,0.729957805907173,0.7510548523206751,0.759493670886076,0.7721518987341772
179,seg26,auto,146.0,0.9159911569638909,0.7149122807017544,0.7587719298245614,0.8070175438596491,0.8596491228070176,0.8859649122807017,0.8947368421052632,0.9078947368421053,0.5245901639344263,0.5860655737704918,0.6147540983606558,0.6639344262295082,0.6967213114754098,0.7049180327868853,0.7295081967213115,0.45081967213114754,0.5163934426229508,0.5491803278688525,0.6352459016393442,0.680327868852459,0.6967213114754098,0.7213114754098361,0.8728070175438597,0.8991228070175439,0.9166666666666666,0.9385964912280702,0.956140350877193,0.9605263157894737,0.9736842105263158,0.6844262295081968,0.7213114754098361,0.7459016393442623,0.7786885245901639,0.8073770491803278,0.8155737704918032,0.8319672131147541,0.6065573770491803,0.6434426229508197,0.6680327868852459,0.7172131147540983,0.7418032786885246,0.7540983606557377,0.7719262295081963
180,seg26,auto,149.0,0.8203389830508474,0.8034934497816594,0.8296943231441049,0.851528384279476,0.8777292576419214,0.8995633187772926,0.9082969432314411,0.9213973799126638,0.5330578512396694,0.6074380165289256,0.6446280991735537,0.6818181818181818,0.7066115702479339,0.7272727272727273,0.7479338842975206,0.43983402489626555,0.5352697095435685,0.5809128630705395,0.6390041493775933,0.6763485477178424,0.6929460580912863,0.7261410788381742,0.8951965065502183,0.9170305676855895,0.9301310043668122,0.9475982532751092,0.9563318777292577,0.9606986899563319,0.9694323144104804,0.6818181818181818,0.7148760330578512,0.731404958677686,0.7644628099173554,0.7892561983471075,0.8016528925619835,0.8181818181818182,0.4854771784232365,0.5228215767634855,0.5518672199170125,0.6016597510373444,0.6390041493775933,0.6514522821576764,0.6639004149377593
181,seg26,auto,70.0,0.9446969696969697,0.7991266375545851,0.8296943231441049,0.8471615720524017,0.8777292576419214,0.9170305676855895,0.9301310043668122,0.9432314410480349,0.5909090909090909,0.6115702479338843,0.628099173553719,0.6611570247933884,0.7066115702479339,0.7272727272727273,0.8196280991735534,0.49586776859504134,0.5371900826446281,0.5578512396694215,0.6074380165289256,0.6611570247933884,0.6859504132231405,0.8018595041322303,0.8122270742358079,0.8384279475982532,0.851528384279476,0.8864628820960698,0.9301310043668122,0.9388646288209607,0.9432314410480349,0.5950413223140496,0.6239669421487604,0.640495867768595,0.6776859504132231,0.7241735537190083,0.7396694214876033,0.7479338842975206,0.47520661157024796,0.5041322314049587,0.5247933884297521,0.5578512396694215,0.5991735537190083,0.6074380165289256,0.6239669421487604
182,seg26,auto,95.0,0.9109162895927602,0.6652360515021459,0.7725321888412017,0.8154506437768241,0.9012875536480687,0.9356223175965666,0.9484978540772532,0.9613733905579399,0.375,0.5483870967741935,0.6169354838709677,0.6774193548387096,0.7258064516129032,0.7459677419354839,0.7741935483870968,0.3157894736842105,0.4777327935222672,0.5465587044534413,0.6275303643724697,0.680161943319838,0.7004048582995951,0.7327935222672065,0.621244635193133,0.8454935622317596,0.9527896995708155,0.9785407725321889,0.9914163090128756,1.0,1.0085836909871244,0.40725806451612906,0.657258064516129,0.8185483870967742,0.8548387096774194,0.875,0.8830645161290323,0.8951612903225806,0.3188259109311741,0.5597165991902834,0.7358299595141701,0.7773279352226721,0.805668016194332,0.8137651821862348,0.8218623481781376
184,seg26,auto,163.0,0.8461538461538461,0.7991071428571429,0.8303571428571429,0.8571428571428571,0.8883928571428571,0.9196428571428571,0.9330357142857143,0.9598214285714286,0.569620253164557,0.620253164556962,0.6371308016877637,0.679324894514768,0.7215189873417721,0.7383966244725738,0.7637130801687764,0.5126050420168067,0.5714285714285714,0.5966386554621849,0.6386554621848739,0.680672268907563,0.7016806722689075,0.7310924369747899,0.5446428571428571,0.7633928571428571,0.8035714285714286,0.8303571428571429,0.8571428571428571,0.8660714285714286,0.8839285714285714,0.3333333333333333,0.5569620253164557,0.5907172995780591,0.620253164556962,0.6413502109704642,0.6497890295358649,0.6582278481012658,0.28991596638655465,0.4327731092436975,0.46638655462184875,0.4957983193277311,0.5168067226890757,0.5210084033613446,0.5336134453781513
186,seg26,auto,145.0,0.8867924528301887,0.7194570135746606,0.8009049773755657,0.8235294117647058,0.8506787330316742,0.8823529411764706,0.8914027149321267,0.9095022624434389,0.46120689655172414,0.5086206896551724,0.5646551724137931,0.6206896551724138,0.6508620689655172,0.6681034482758621,0.6982758620689655,0.41379310344827586,0.45689655172413796,0.5086206896551724,0.5862068965517241,0.6206896551724138,0.6336206896551724,0.6767241379310345,0.755656108597285,0.7873303167420814,0.8054298642533937,0.832579185520362,0.8552036199095022,0.8733031674208145,0.8959276018099548,0.5129310344827587,0.5431034482758621,0.5689655172413793,0.5948275862068966,0.6336206896551724,0.6594827586206896,0.6810344827586207,0.38362068965517243,0.40948275862068967,0.4331896551724138,0.46551724137931033,0.5,0.5258620689655172,0.5474137931034483
187,seg26,auto,112.0,0.8560753736192332,0.7654867256637168,0.8097345132743363,0.827433628318584,0.8716814159292036,0.8982300884955752,0.911504424778761,0.9292035398230089,0.5330578512396694,0.5785123966942148,0.6033057851239669,0.6611570247933884,0.6942148760330579,0.7024793388429752,0.7520661157024794,0.5062240663900415,0.5518672199170125,0.5726141078838174,0.6473029045643154,0.6804979253112033,0.6929460580912863,0.7385892116182573,0.6946902654867256,0.7743362831858407,0.827433628318584,0.8805309734513275,0.9026548672566371,0.911504424778761,0.9247787610619469,0.43388429752066116,0.5247933884297521,0.5785123966942148,0.6570247933884298,0.6776859504132231,0.6859504132231405,0.7066115702479339,0.3941908713692946,0.46887966804979253,0.5269709543568465,0.5975103734439834,0.6224066390041494,0.6307053941908713,0.6514522821576764
188,seg26,auto,160.0,0.8935070306038048,0.7533632286995515,0.7802690582959642,0.8116591928251121,0.8609865470852018,0.8923766816143498,0.9103139013452914,0.9506726457399103,0.5234042553191489,0.5574468085106383,0.5829787234042553,0.6297872340425532,0.6680851063829787,0.7063829787234043,0.8,0.4576271186440678,0.4915254237288136,0.5338983050847458,0.5932203389830508,0.6313559322033898,0.6779661016949152,0.7711864406779662,0.7757847533632287,0.7937219730941704,0.8116591928251121,0.8295964125560538,0.8475336322869955,0.8565022421524664,0.8699551569506726,0.5148936170212766,0.5276595744680851,0.5319148936170213,0.548936170212766,0.5659574468085107,0.5787234042553191,0.5914893617021276,0.423728813559322,0.4449152542372881,0.4533898305084746,0.4661016949152542,0.4830508474576271,0.4915254237288136,0.5042372881355932
191,seg26,auto,151.0,0.9155580192165558,0.7657657657657657,0.7972972972972973,0.8153153153153153,0.8603603603603603,0.8963963963963963,0.9099099099099099,0.9324324324324325,0.5274261603375527,0.569620253164557,0.5907172995780591,0.6455696202531646,0.7215189873417721,0.7510548523206751,0.7805907172995781,0.4957983193277311,0.5378151260504201,0.5630252100840336,0.6386554621848739,0.7142857142857143,0.7521008403361344,0.7899159663865546,0.7837837837837838,0.8018018018018018,0.8198198198198198,0.8603603603603603,0.9009009009009009,0.9144144144144144,0.9279279279279279,0.5485232067510548,0.5738396624472574,0.5907172995780591,0.6329113924050633,0.6708860759493671,0.6835443037974683,0.6919831223628692,0.4831932773109244,0.5084033613445378,0.5252100840336135,0.5630252100840336,0.5966386554621849,0.6050420168067226,0.6176470588235294
192,seg26,auto,124.0,0.8735422740524781,0.6741071428571429,0.7276785714285714,0.75,0.7901785714285714,0.8348214285714286,0.8526785714285714,0.8660714285714286,0.4008438818565401,0.47257383966244726,0.5021097046413502,0.540084388185654,0.5991561181434599,0.6244725738396625,0.6455696202531646,0.31512605042016806,0.40756302521008403,0.44537815126050423,0.5042016806722689,0.5672268907563025,0.5966386554621849,0.6134453781512605,0.59375,0.6741071428571429,0.7232142857142857,0.7767857142857143,0.8303571428571429,0.84375,0.8660714285714286,0.3628691983122363,0.4345991561181435,0.46835443037974683,0.5379746835443038,0.5864978902953587,0.6075949367088608,0.6329113924050633,0.29411764705882354,0.3277310924369748,0.3560924369747899,0.42016806722689076,0.46638655462184875,0.4831932773109244,0.5084033613445378
193,seg26,auto,159.0,0.8568501170960188,0.7232142857142857,0.7633928571428571,0.7857142857142857,0.8258928571428571,0.8571428571428571,0.8705357142857143,0.8928571428571429,0.4844537815126051,0.5168067226890757,0.542016806722689,0.5966386554621849,0.634453781512605,0.6596638655462185,0.7058823529411765,0.42016806722689076,0.4579831932773109,0.4957983193277311,0.5882352941176471,0.6260504201680672,0.6512605042016807,0.6932773109243697,0.4375,0.625,0.7053571428571429,0.7857142857142857,0.8348214285714286,0.8482142857142857,0.8660714285714286,0.24789915966386555,0.3697478991596639,0.4411764705882353,0.5294117647058824,0.5756302521008403,0.6092436974789915,0.634453781512605,0.2184873949579832,0.28991596638655465,0.3403361344537815,0.4117647058823529,0.46218487394957986,0.49159663865546216,0.5252100840336135
194,seg26,auto,115.0,0.9089731130547457,0.8484848484848485,0.8744588744588745,0.8874458874458875,0.9177489177489178,0.9393939393939394,0.9523809523809523,1.0086580086580086,0.6041666666666666,0.6375,0.6625,0.7166666666666667,0.7583333333333333,0.8041666666666667,0.9625,0.5333333333333333,0.575,0.6083333333333333,0.675,0.7291666666666666,0.7583333333333333,0.9208333333333333,0.8225108225108225,0.8484848484848485,0.8614718614718615,0.8874458874458875,0.9090909090909091,0.9177489177489178,0.9307359307359307,0.6208333333333333,0.65,0.6666666666666666,0.6916666666666667,0.725,0.7458333333333333,0.7625,0.49166666666666664,0.525,0.5458333333333333,0.5833333333333334,0.6083333333333333,0.6208333333333333,0.65
195,seg26,auto,137.0,0.8937807881773399,0.7477876106194691,0.7964601769911505,0.8141592920353983,0.8451327433628318,0.8716814159292036,0.8880530973451319,0.911504424778761,0.5021097046413502,0.5189873417721519,0.5358649789029536,0.569620253164557,0.6033755274261603,0.6160337552742616,0.6371308016877637,0.451063829787234,0.4851063829787234,0.502127659574468,0.5361702127659574,0.5702127659574469,0.5872340425531914,0.6085106382978723,0.827433628318584,0.8628318584070797,0.8716814159292036,0.8938053097345132,0.915929203539823,0.9247787610619469,0.9336283185840708,0.6033755274261603,0.6497890295358649,0.6624472573839663,0.6835443037974683,0.7088607594936709,0.7257383966244726,0.7341772151898734,0.4765957446808511,0.5148936170212766,0.5234042553191489,0.5446808510638298,0.5659574468085107,0.5787234042553191,0.5914893617021276
196,seg26,auto,168.0,0.8781275221953188,0.7555555555555555,0.7911111111111111,0.8088888888888889,0.84,0.8622222222222222,0.8755555555555555,0.8888888888888888,0.4851063829787234,0.5234042553191489,0.5404255319148936,0.5702127659574469,0.6042553191489362,0.6297872340425532,0.6723404255319149,0.4340425531914894,0.4765957446808511,0.4978723404255319,0.5361702127659574,0.5659574468085107,0.5829787234042553,0.6297872340425532,0.7466666666666667,0.7777777777777778,0.7955555555555556,0.8266666666666667,0.8622222222222222,0.8711111111111111,0.88,0.502127659574468,0.5319148936170213,0.548936170212766,0.5829787234042553,0.6297872340425532,0.6425531914893617,0.6553191489361702,0.37446808510638296,0.40425531914893614,0.425531914893617,0.46382978723404256,0.5063829787234042,0.5148936170212766,0.5276595744680851
197,seg26,auto,113.0,0.8886198547215496,0.8153153153153153,0.8468468468468469,0.8693693693693694,0.9144144144144144,0.9459459459459459,0.954954954954955,0.9684684684684685,0.5622317596566524,0.6051502145922747,0.6437768240343348,0.6995708154506438,0.7296137339055794,0.7424892703862661,0.7553648068669528,0.5064377682403434,0.5536480686695279,0.592274678111588,0.6695278969957081,0.7081545064377682,0.7253218884120172,0.7553648068669528,0.9099099099099099,0.9414414414414415,0.954954954954955,0.972972972972973,0.9864864864864865,0.990990990990991,1.0045045045045045,0.7167381974248928,0.7639484978540773,0.7811158798283262,0.8154506437768241,0.8454935622317596,0.8497854077253219,0.8583690987124464,0.630901287553648,0.6995708154506438,0.7253218884120172,0.759656652360515,0.7939914163090128,0.8025751072961373,0.8154506437768241
199,seg26,auto,128.0,0.8910256410256411,0.8027522935779816,0.8440366972477065,0.8715596330275229,0.908256880733945,0.9311926605504587,0.944954128440367,0.963302752293578,0.5374449339207048,0.6211453744493393,0.6563876651982379,0.7004405286343612,0.73568281938326,0.7577092511013216,0.7841409691629956,0.5,0.5745614035087719,0.618421052631579,0.6798245614035088,0.7192982456140351,0.7412280701754386,0.7675438596491229,0.8073394495412844,0.8165137614678899,0.8302752293577982,0.8577981651376146,0.8807339449541285,0.8899082568807339,0.908256880733945,0.5947136563876652,0.6079295154185022,0.6211453744493393,0.6431718061674009,0.6607929515418502,0.6696035242290749,0.6828193832599119,0.5263157894736842,0.543859649122807,0.5570175438596491,0.5745614035087719,0.5921052631578947,0.6008771929824561,0.6140350877192983
200,seg26,auto,160.0,0.9217638691322901,0.7649769585253456,0.8110599078341014,0.8433179723502304,0.8847926267281107,0.9089861751152074,0.9216589861751152,0.9400921658986175,0.5175438596491229,0.5657894736842105,0.6008771929824561,0.6447368421052632,0.6929824561403509,0.7236842105263158,0.8245614035087719,0.48034934497816595,0.5414847161572053,0.5851528384279476,0.6331877729257642,0.6855895196506551,0.7074235807860262,0.777292576419214,0.5714285714285714,0.7096774193548387,0.7419354838709677,0.7788018433179723,0.8064516129032258,0.8248847926267281,0.8433179723502304,0.36403508771929827,0.4868421052631579,0.5263157894736842,0.5614035087719298,0.5921052631578947,0.6140350877192983,0.6403508771929824,0.31877729257641924,0.39737991266375544,0.43231441048034935,0.47161572052401746,0.5065502183406113,0.5327510917030568,0.5589519650655022
201,seg26,auto,157.0,0.8777056277056277,0.7767441860465116,0.8186046511627907,0.8372093023255814,0.8790697674418605,0.9162790697674419,0.9348837209302325,0.986046511627907,0.5739910313901345,0.600896860986547,0.6233183856502242,0.6636771300448431,0.7174887892376681,0.7443946188340808,0.9417040358744395,0.5398230088495575,0.5707964601769911,0.6017699115044248,0.6460176991150443,0.7013274336283186,0.7345132743362832,0.9247787610619469,0.7069767441860465,0.7395348837209302,0.7581395348837209,0.7953488372093023,0.8418604651162791,0.8604651162790697,0.8930232558139535,0.48878923766816146,0.5246636771300448,0.5336322869955157,0.5650224215246636,0.6188340807174888,0.6367713004484304,0.672645739910314,0.42920353982300885,0.46017699115044247,0.4690265486725664,0.5,0.5442477876106194,0.5707964601769911,0.6017699115044248
202,seg26,auto,166.0,0.9174403183023873,0.7880184331797235,0.8248847926267281,0.847926267281106,0.8755760368663594,0.9032258064516129,0.9124423963133641,0.9262672811059908,0.5502183406113537,0.5895196506550219,0.6157205240174672,0.6462882096069869,0.6768558951965066,0.6986899563318777,0.7205240174672489,0.4708695652173914,0.5130434782608696,0.5456521739130434,0.6,0.6239130434782608,0.6434782608695652,0.6739130434782609,0.5898617511520737,0.6728110599078341,0.7327188940092166,0.8617511520737328,0.8940092165898618,0.9032258064516129,0.9170506912442397,0.35807860262008734,0.43231441048034935,0.4847161572052402,0.6550218340611353,0.6812227074235808,0.6943231441048034,0.7074235807860262,0.2826086956521739,0.33043478260869563,0.3652173913043478,0.5347826086956522,0.5739130434782609,0.5869565217391305,0.6043478260869565
205,seg26,auto,119.0,0.8994169096209913,0.6457399103139013,0.7488789237668162,0.7847533632286996,0.8430493273542601,0.8789237668161435,0.8923766816143498,0.9103139013452914,0.40574468085106385,0.4978723404255319,0.5531914893617021,0.6042553191489362,0.6510638297872341,0.6808510638297872,0.7191489361702128,0.3474576271186441,0.4533898305084746,0.5084745762711864,0.5677966101694916,0.614406779661017,0.6398305084745762,0.6779661016949152,0.600896860986547,0.6636771300448431,0.7130044843049327,0.7892376681614349,0.8340807174887892,0.8609865470852018,0.9013452914798207,0.3829787234042553,0.46382978723404256,0.5191489361702127,0.5787234042553191,0.6170212765957447,0.6468085106382979,0.6936170212765957,0.3220338983050847,0.3898305084745763,0.4406779661016949,0.4957627118644068,0.538135593220339,0.5550847457627118,0.597457627118644
206,seg26,auto,96.0,0.9131493506493507,0.8009049773755657,0.832579185520362,0.8461538461538461,0.8868778280542986,0.9140271493212669,0.9230769230769231,0.9366515837104072,0.5726495726495726,0.6068376068376068,0.6324786324786325,0.6752136752136753,0.7094017094017094,0.7222222222222222,0.7393162393162394,0.5042735042735043,0.5384615384615384,0.5641025641025641,0.6153846153846154,0.6495726495726496,0.6623931623931624,0.6794871794871795,0.7375565610859729,0.7828054298642534,0.8280542986425339,0.8823529411764706,0.9095022624434389,0.9140271493212669,0.9276018099547512,0.6068376068376068,0.6666666666666666,0.6965811965811965,0.7307692307692307,0.7606837606837606,0.7735042735042735,0.8034188034188035,0.5042735042735043,0.5598290598290598,0.5769230769230769,0.6153846153846154,0.6581196581196581,0.7051282051282052,0.8034188034188035
207,seg26,auto,51.0,0.8909090909090909,0.8379629629629629,0.8611111111111112,0.8796296296296297,0.9166666666666666,0.9444444444444444,0.9583333333333334,0.9722222222222222,0.6200873362445415,0.6506550218340611,0.6899563318777293,0.7379912663755459,0.7685589519650655,0.7860262008733624,0.8122270742358079,0.5633187772925764,0.6026200873362445,0.6375545851528385,0.6855895196506551,0.7117903930131004,0.7205240174672489,0.7467248908296943,0.8981481481481481,0.9120370370370371,0.9212962962962963,0.9398148148148148,0.9583333333333334,0.9629629629629629,0.9722222222222222,0.6724890829694323,0.6899563318777293,0.7030567685589519,0.7336244541484717,0.759825327510917,0.7729257641921398,0.7903930131004366,0.5720524017467249,0.5895196506550219,0.6069868995633187,0.6331877729257642,0.6593886462882096,0.6681222707423581,0.6943231441048034
208,seg26,auto,145.0,0.9145549057829759,0.6226415094339622,0.7216981132075472,0.7547169811320755,0.8066037735849056,0.8443396226415094,0.8584905660377359,0.8726415094339622,0.4099099099099099,0.46846846846846846,0.5022522522522522,0.5855855855855856,0.6261261261261262,0.6396396396396397,0.6666666666666666,0.36444444444444446,0.4177777777777778,0.4488888888888889,0.5644444444444444,0.6177777777777778,0.6351111111111115,0.6577777777777778,0.4669811320754717,0.5943396226415094,0.6462264150943396,0.75,0.7877358490566038,0.8018867924528302,0.8207547169811321,0.26126126126126126,0.36036036036036034,0.3963963963963964,0.4774774774774775,0.527027027027027,0.5585585585585585,0.581081081081081,0.25333333333333335,0.3244444444444444,0.35555555555555557,0.4266666666666667,0.48,0.5066666666666667,0.5333333333333333
209,seg26,auto,133.0,0.9396363636363636,0.7920353982300885,0.831858407079646,0.8495575221238938,0.8849557522123894,0.911504424778761,0.9203539823008849,0.9469026548672567,0.5333333333333333,0.5833333333333334,0.6,0.6291666666666667,0.6583333333333333,0.7,0.8041666666666667,0.5146443514644351,0.5564853556485355,0.5774058577405857,0.602510460251046,0.6359832635983264,0.6778242677824268,0.7859832635983259,0.8008849557522124,0.8407079646017699,0.8628318584070797,0.8893805309734514,0.9336283185840708,0.9469026548672567,0.9557522123893806,0.6583333333333333,0.675,0.6833333333333333,0.7166666666666667,0.7541666666666667,0.7791666666666667,0.7916666666666666,0.6276150627615062,0.6401673640167364,0.6527196652719666,0.6861924686192469,0.7238493723849372,0.7364016736401674,0.7531380753138075
210,seg26,auto,154.0,0.8706349206349207,0.75,0.7935779816513762,0.8119266055045872,0.8532110091743119,0.8807339449541285,0.8944954128440367,0.9220183486238532,0.5276595744680851,0.5702127659574469,0.5957446808510638,0.6468085106382979,0.6808510638297872,0.6978723404255319,0.7276595744680852,0.4358974358974359,0.5,0.5427350427350427,0.6068376068376068,0.6452991452991453,0.6581196581196581,0.688034188034188,0.40825688073394495,0.6192660550458715,0.8302752293577982,0.8807339449541285,0.9036697247706422,0.9128440366972477,0.9220183486238532,0.225531914893617,0.3617021276595745,0.5776595744680851,0.6382978723404256,0.6638297872340425,0.676595744680851,0.6893617021276596,0.21367521367521367,0.2948717948717949,0.4829059829059829,0.5555555555555556,0.5854700854700855,0.6025641025641025,0.6196581196581197
212,seg26,auto,122.0,0.9146079484425349,0.8185840707964602,0.8362831858407079,0.8495575221238938,0.8716814159292036,0.9026548672566371,0.915929203539823,0.9336283185840708,0.5466101694915254,0.5847457627118644,0.6059322033898306,0.6313559322033898,0.6567796610169492,0.673728813559322,0.7203389830508474,0.43262711864406783,0.5042372881355932,0.5338983050847458,0.5720338983050848,0.6016949152542372,0.6186440677966102,0.6398305084745762,0.6285398230088496,0.7389380530973452,0.7787610619469026,0.831858407079646,0.9336283185840708,0.9469026548672567,0.9601769911504425,0.3855932203389831,0.4872881355932203,0.5338983050847458,0.6101694915254238,0.7457627118644068,0.7711864406779662,0.7923728813559322,0.2669491525423729,0.3389830508474576,0.3898305084745763,0.4661016949152542,0.614406779661017,0.6567796610169492,0.6864406779661016
213,seg26,auto,123.0,0.8587466829965299,0.7699115044247787,0.8097345132743363,0.8362831858407079,0.8761061946902655,0.911504424778761,0.9247787610619469,0.9424778761061947,0.5833333333333334,0.6291666666666667,0.6583333333333333,0.7083333333333334,0.7541666666666667,0.775,0.8,0.49372384937238495,0.5523012552301255,0.5815899581589958,0.6317991631799164,0.6820083682008368,0.7071129707112971,0.7322175732217573,0.6946902654867256,0.7212389380530974,0.7389380530973452,0.7787610619469026,0.8185840707964602,0.8362831858407079,0.8495575221238938,0.475,0.5,0.5125,0.5541666666666667,0.6041666666666666,0.6208333333333333,0.6333333333333333,0.3682008368200837,0.39748953974895396,0.41841004184100417,0.46443514644351463,0.502092050209205,0.5230125523012552,0.5481171548117155
214,seg26,auto,80.0,0.8831845238095238,0.7077092511013217,0.8458149779735683,0.8722466960352423,0.920704845814978,0.947136563876652,0.960352422907489,0.9691629955947136,0.4610416666666667,0.6,0.6375,0.7125,0.775,0.8,0.825,0.41841004184100417,0.5606694560669456,0.602510460251046,0.6778242677824268,0.7364016736401674,0.7573221757322176,0.7782426778242678,0.6035242290748899,0.762114537444934,0.8193832599118943,0.8502202643171806,0.8722466960352423,0.8854625550660793,0.9030837004405287,0.38333333333333336,0.5583333333333333,0.6041666666666666,0.6416666666666667,0.6708333333333333,0.6875,0.7083333333333334,0.3138075313807531,0.44372384937238496,0.48535564853556484,0.5230125523012552,0.5564853556485355,0.5690376569037657,0.5899581589958159
215,seg26,auto,136.0,0.9053803339517625,0.7941176470588235,0.8186274509803921,0.8431372549019608,0.8823529411764706,0.9117647058823529,0.9264705882352942,0.9656862745098039,0.45794392523364486,0.5093457943925234,0.5747663551401869,0.616822429906542,0.6542056074766355,0.6728971962616822,0.7523364485981309,0.38497652582159625,0.4413145539906103,0.5117370892018779,0.5727699530516432,0.6103286384976526,0.6291079812206573,0.6901408450704225,0.8333333333333334,0.8431372549019608,0.8529411764705882,0.8676470588235294,0.8774509803921569,0.8872549019607843,0.8970588235294118,0.5327102803738317,0.5467289719626168,0.5560747663551402,0.5794392523364486,0.5887850467289719,0.5981308411214953,0.6121495327102804,0.41784037558685444,0.4272300469483568,0.43661971830985913,0.460093896713615,0.4694835680751174,0.4788732394366197,0.49295774647887325
216,seg26,auto,140.0,0.819481315090872,0.6847290640394089,0.7241379310344828,0.7586206896551724,0.812807881773399,0.8472906403940886,0.8620689655172413,0.8817733990147784,0.4312796208530806,0.4786729857819905,0.5213270142180095,0.5639810426540285,0.5924170616113744,0.6066350710900474,0.6350710900473934,0.3915094339622642,0.44339622641509435,0.49056603773584906,0.5330188679245284,0.5707547169811321,0.589622641509434,0.6273584905660378,0.4827586206896552,0.6157635467980296,0.6551724137931034,0.6945812807881774,0.7241379310344828,0.7389162561576355,0.7635467980295566,0.2938388625592417,0.4028436018957346,0.4312796208530806,0.46445497630331756,0.4928909952606635,0.5071090047393365,0.5308056872037915,0.2783018867924528,0.35377358490566035,0.36792452830188677,0.3915094339622642,0.41509433962264153,0.42452830188679247,0.4481132075471698
217,seg26,auto,155.0,0.8753531073446328,0.75,0.7980769230769231,0.8221153846153846,0.8605769230769231,0.8942307692307693,0.9038461538461539,0.9134615384615384,0.5116279069767442,0.5395348837209303,0.5720930232558139,0.6511627906976745,0.7023255813953488,0.7162790697674418,0.7302325581395349,0.4608294930875576,0.4976958525345622,0.5253456221198156,0.6129032258064516,0.6728110599078341,0.6820276497695853,0.7004608294930875,0.6057692307692307,0.7259615384615384,0.7932692307692307,0.8461538461538461,0.8990384615384616,0.9086538461538461,0.9278846153846154,0.39069767441860465,0.5069767441860465,0.5767441860465117,0.6325581395348837,0.6930232558139535,0.7069767441860465,0.7348837209302326,0.35023041474654376,0.45622119815668205,0.5161290322580645,0.5806451612903226,0.6267281105990783,0.6451612903225806,0.6702764976958517
218,seg26,auto,140.0,0.9163360980887126,0.7596153846153846,0.7932692307692307,0.8173076923076923,0.8605769230769231,0.8942307692307693,0.9134615384615384,0.9375,0.463302752293578,0.5091743119266054,0.5688073394495413,0.6238532110091743,0.6605504587155964,0.6880733944954128,0.7155963302752294,0.44545454545454544,0.4863636363636364,0.5454545454545454,0.6181818181818182,0.6545454545454545,0.6772727272727272,0.7045454545454546,0.8269230769230769,0.8413461538461539,0.8509615384615384,0.8653846153846154,0.875,0.8798076923076923,0.8942307692307693,0.536697247706422,0.5504587155963303,0.5596330275229358,0.573394495412844,0.5871559633027523,0.6009174311926605,0.6146788990825688,0.4727272727272727,0.4909090909090909,0.5,0.5136363636363637,0.5318181818181819,0.5409090909090909,0.55
219,seg26,auto,147.0,0.9099123040127558,0.7072072072072072,0.7837837837837838,0.8243243243243243,0.8783783783783784,0.9054054054054054,0.918918918918919,0.9414414414414415,0.4956896551724138,0.5603448275862069,0.6163793103448276,0.6767241379310345,0.7327586206896551,0.7456896551724138,0.7887931034482759,0.4291845493562232,0.4892703862660944,0.5665236051502146,0.6566523605150214,0.721030042918455,0.7381974248927039,0.776824034334764,0.32882882882882886,0.5720720720720721,0.6756756756756757,0.8153153153153153,0.8468468468468469,0.8603603603603603,0.8783783783783784,0.20689655172413793,0.35344827586206895,0.43103448275862066,0.5905172413793104,0.646551724137931,0.6637931034482759,0.6896551724137931,0.21030042918454936,0.3090128755364807,0.3562231759656652,0.49356223175965663,0.5536480686695279,0.575107296137339,0.6051502145922747
220,seg26,auto,87.0,0.8773946360153256,0.7882882882882883,0.8378378378378378,0.8569819819819819,0.8963963963963963,0.9279279279279279,0.9369369369369369,0.9459459459459459,0.5319148936170213,0.6,0.6340425531914894,0.676595744680851,0.7106382978723405,0.723404255319149,0.7361702127659574,0.44038461538461543,0.5299145299145299,0.5726495726495726,0.6324786324786325,0.6794871794871795,0.6923076923076923,0.7222222222222222,0.6711711711711712,0.8198198198198198,0.8828828828828829,0.9279279279279279,0.954954954954955,0.963963963963964,0.9684684684684685,0.4553191489361702,0.625531914893617,0.7021276595744681,0.7702127659574468,0.8085106382978723,0.8170212765957446,0.825531914893617,0.3547008547008547,0.5085470085470085,0.5769230769230769,0.6367521367521367,0.6709401709401709,0.6837606837606838,0.7051282051282052
221,seg26,auto,121.0,0.8753968253968254,0.7488151658767772,0.8199052132701422,0.8578199052132701,0.8957345971563981,0.9289099526066351,0.9383886255924171,0.95260663507109,0.44594594594594594,0.5675675675675675,0.6081081081081081,0.6531531531531531,0.6846846846846847,0.6981981981981982,0.7387387387387387,0.38009049773755654,0.502262443438914,0.5701357466063348,0.6153846153846154,0.6515837104072398,0.669683257918552,0.7149321266968326,0.9383886255924171,0.957345971563981,0.9620853080568721,0.981042654028436,0.995260663507109,1.0,1.009478672985782,0.7162162162162162,0.7477477477477478,0.7657657657657657,0.7837837837837838,0.8063063063063063,0.8153153153153153,0.8243243243243243,0.6108597285067874,0.6515837104072398,0.669683257918552,0.6923076923076923,0.7194570135746606,0.7285067873303167,0.7420814479638009
222,seg26,auto,122.0,0.8929411764705882,0.7991071428571429,0.8392857142857143,0.8660714285714286,0.9107142857142857,0.9419642857142857,0.9598214285714286,0.96875,0.5021459227467812,0.5622317596566524,0.6094420600858369,0.6866952789699571,0.7339055793991416,0.7553648068669528,0.7725321888412017,0.41125541125541126,0.47619047619047616,0.5281385281385281,0.6320346320346321,0.6926406926406926,0.7056277056277056,0.7316017316017316,0.65625,0.7633928571428571,0.8080357142857143,0.8616071428571429,0.8928571428571429,0.9017857142857143,0.9107142857142857,0.3948497854077253,0.5021459227467812,0.575107296137339,0.6437768240343348,0.6824034334763949,0.6952789699570815,0.7081545064377682,0.2813852813852814,0.36363636363636365,0.42424242424242425,0.48917748917748916,0.5238095238095238,0.5367965367965368,0.5497835497835498
223,seg26,auto,117.0,0.9022579647386328,0.8266666666666667,0.8533333333333334,0.8666666666666667,0.9022222222222223,0.9333333333333333,0.9466666666666667,0.9688888888888889,0.5321888412017167,0.575107296137339,0.6223175965665236,0.6738197424892703,0.7124463519313304,0.7510729613733905,0.8497854077253219,0.47435897435897434,0.5341880341880342,0.5769230769230769,0.6367521367521367,0.6794871794871795,0.7136752136752137,0.8076923076923077,0.7155555555555555,0.7733333333333333,0.8088888888888889,0.8666666666666667,0.8977777777777778,0.9066666666666666,0.92,0.49356223175965663,0.5622317596566524,0.6008583690987125,0.6566523605150214,0.6995708154506438,0.7124463519313304,0.7296137339055794,0.3974358974358974,0.4658119658119658,0.49572649572649574,0.5384615384615384,0.5854700854700855,0.6111111111111112,0.6367521367521367
224,seg26,auto,154.0,0.8442105263157895,0.7377777777777778,0.7777777777777778,0.8,0.84,0.9066666666666666,0.9288888888888889,0.9555555555555556,0.49583333333333335,0.5208333333333334,0.5427083333333333,0.6458333333333334,0.7416666666666667,0.7625,0.8083333333333333,0.42677824267782427,0.45188284518828453,0.4769874476987448,0.5941422594142259,0.7112970711297071,0.7405857740585774,0.7949790794979079,0.5288888888888889,0.6577777777777778,0.7333333333333333,0.8266666666666667,0.8666666666666667,0.8844444444444445,0.8977777777777778,0.3,0.37916666666666665,0.45416666666666666,0.5708333333333333,0.6333333333333333,0.65,0.6708333333333333,0.2719665271966527,0.3263598326359833,0.3682008368200837,0.46443514644351463,0.5481171548117155,0.5690376569037657,0.5983263598326359
225,seg26,auto,140.0,0.8917910447761194,0.7857142857142857,0.8258928571428571,0.8482142857142857,0.8883928571428571,0.9241071428571429,0.9419642857142857,0.9598214285714286,0.5450643776824035,0.5836909871244635,0.6266094420600858,0.6909871244635193,0.7381974248927039,0.759656652360515,0.7854077253218884,0.49572649572649574,0.5384615384615384,0.5769230769230769,0.6452991452991453,0.7051282051282052,0.7222222222222222,0.7564102564102564,0.625,0.7544642857142857,0.8303571428571429,0.8616071428571429,0.8794642857142857,0.8883928571428571,0.8973214285714286,0.37660944206008584,0.5107296137339056,0.5965665236051502,0.6394849785407726,0.6652360515021459,0.6738197424892703,0.6909871244635193,0.31196581196581197,0.4188034188034188,0.5085470085470085,0.5427350427350427,0.5683760683760684,0.5769230769230769,0.594017094017094
227,seg26,auto,149.0,0.9119047619047619,0.7699115044247787,0.8008849557522124,0.8185840707964602,0.8451327433628318,0.8716814159292036,0.8805309734513275,0.9026548672566371,0.5234042553191489,0.548936170212766,0.5617021276595745,0.6,0.625531914893617,0.6340425531914894,0.6595744680851063,0.46808510638297873,0.4978723404255319,0.5191489361702127,0.574468085106383,0.6127659574468085,0.6212765957446809,0.6468085106382979,0.6413716814159293,0.7433628318584071,0.8362831858407079,0.8849557522123894,0.915929203539823,0.9203539823008849,0.9292035398230089,0.41680851063829794,0.5404255319148936,0.6468085106382979,0.7021276595744681,0.7361702127659574,0.7489361702127659,0.774468085106383,0.32340425531914896,0.4340425531914894,0.5404255319148936,0.597872340425532,0.6297872340425532,0.6425531914893617,0.6680851063829787
229,seg26,auto,138.0,0.892962962962963,0.65625,0.7321428571428571,0.7589285714285714,0.8035714285714286,0.8415178571428571,0.8482142857142857,0.8616071428571429,0.4345991561181435,0.48945147679324896,0.5274261603375527,0.5907172995780591,0.6244725738396625,0.6329113924050633,0.6497890295358649,0.4219409282700422,0.4767932489451477,0.5147679324894515,0.5822784810126582,0.6244725738396625,0.6371308016877637,0.6518987341772152,0.2767857142857143,0.46875,0.6026785714285714,0.7410714285714286,0.8035714285714286,0.8125,0.8214285714285714,0.20253164556962025,0.3284810126582277,0.4008438818565401,0.5189873417721519,0.5822784810126582,0.5949367088607594,0.6075949367088608,0.21940928270042195,0.311603375527426,0.3628691983122363,0.45569620253164556,0.5147679324894515,0.5274261603375527,0.540084388185654
230,seg26,auto,124.0,0.9134887005649718,0.7899543378995434,0.821917808219178,0.8401826484018264,0.867579908675799,0.9041095890410958,0.9178082191780822,0.9360730593607306,0.5263157894736842,0.5614035087719298,0.5789473684210527,0.6271929824561403,0.6622807017543859,0.6798245614035088,0.7236842105263158,0.48034934497816595,0.5065502183406113,0.537117903930131,0.6026200873362445,0.6419213973799127,0.6593886462882096,0.6855895196506551,0.8858447488584474,0.8995433789954338,0.91324200913242,0.9360730593607306,0.954337899543379,0.958904109589041,0.9680365296803652,0.6535087719298246,0.6798245614035088,0.6929824561403509,0.7192982456140351,0.7412280701754386,0.75,0.7543859649122807,0.5327510917030568,0.5676855895196506,0.5807860262008734,0.6069868995633187,0.62882096069869,0.6419213973799127,0.6593886462882096
231,seg26,auto,129.0,0.8550995024875622,0.755656108597285,0.8099547511312217,0.8506787330316742,0.9004524886877828,0.9411764705882353,0.9502262443438914,0.9728506787330317,0.5021645021645021,0.6233766233766234,0.6883116883116883,0.7619047619047619,0.8181818181818182,0.8311688311688312,0.8744588744588745,0.41125541125541126,0.5541125541125541,0.6190476190476191,0.7142857142857143,0.7878787878787878,0.8051948051948052,0.8354978354978355,0.4796380090497738,0.6561085972850679,0.746606334841629,0.8009049773755657,0.8371040723981901,0.8506787330316742,0.8687782805429864,0.30735930735930733,0.4329004329004329,0.5151515151515151,0.5757575757575758,0.6190476190476191,0.6320346320346321,0.6536796536796536,0.2683982683982684,0.33766233766233766,0.3852813852813853,0.45021645021645024,0.48917748917748916,0.5064935064935064,0.5238095238095238
232,seg26,auto,89.0,0.8782098312545855,0.8486238532110092,0.8899082568807339,0.9036697247706422,0.9311926605504587,0.9541284403669725,0.9587155963302753,0.9678899082568807,0.5877192982456141,0.6491228070175439,0.6754385964912281,0.7236842105263158,0.7456140350877193,0.7543859649122807,0.7675438596491229,0.5152838427947598,0.5720524017467249,0.6026200873362445,0.6462882096069869,0.6681222707423581,0.6768558951965066,0.6986899563318777,0.6146788990825688,0.6972477064220184,0.7614678899082569,0.8532110091743119,0.9036697247706422,0.9220183486238532,0.9357798165137615,0.40350877192982454,0.5,0.5657894736842105,0.6666666666666666,0.7324561403508771,0.7543859649122807,0.7719298245614035,0.3406113537117904,0.43231441048034935,0.4978165938864629,0.5807860262008734,0.6462882096069869,0.6637554585152838,0.6899563318777293
234,seg26,auto,147.0,0.9090146750524108,0.6606334841628959,0.7239819004524887,0.7601809954751131,0.8054298642533937,0.8461538461538461,0.8687782805429864,0.9004524886877828,0.4224137931034483,0.47844827586206895,0.4956896551724138,0.5344827586206896,0.5818965517241379,0.6077586206896551,0.6896551724137931,0.36909871244635195,0.43776824034334766,0.463519313304721,0.49356223175965663,0.5407725321888412,0.5622317596566524,0.6336909871244639,0.4343891402714932,0.5384615384615384,0.6244343891402715,0.7873303167420814,0.8099547511312217,0.8190045248868778,0.832579185520362,0.23275862068965517,0.29310344827586204,0.34051724137931033,0.5,0.5344827586206896,0.5387931034482759,0.5517241379310345,0.21888412017167383,0.26180257510729615,0.2832618025751073,0.3948497854077253,0.4291845493562232,0.43776824034334766,0.45493562231759654
235,seg26,auto,150.0,0.9164835164835164,0.7544642857142857,0.7857142857142857,0.8080357142857143,0.8482142857142857,0.8705357142857143,0.8794642857142857,0.9107142857142857,0.48333333333333334,0.5375,0.5708333333333333,0.6083333333333333,0.6416666666666667,0.6666666666666666,0.7541666666666667,0.45,0.5083333333333333,0.5458333333333333,0.5958333333333333,0.625,0.6458333333333334,0.7291666666666666,0.8258928571428571,0.8482142857142857,0.8571428571428571,0.8794642857142857,0.9017857142857143,0.9107142857142857,0.9196428571428571,0.6375,0.6791666666666667,0.6916666666666667,0.7083333333333334,0.7208333333333333,0.7291666666666666,0.7449999999999989,0.5458333333333333,0.5875,0.5958333333333333,0.6125,0.6333333333333333,0.6416666666666667,0.6583333333333333
236,seg26,auto,114.0,0.8869047619047619,0.9140271493212669,0.9366515837104072,0.9457013574660633,0.9728506787330317,0.9909502262443439,1.004524886877828,1.0180995475113122,0.7130434782608696,0.7434782608695653,0.7782608695652173,0.8130434782608695,0.8347826086956521,0.8434782608695652,0.8608695652173913,0.6026200873362445,0.6550218340611353,0.6943231441048034,0.7554585152838428,0.7816593886462883,0.7903930131004366,0.8078602620087336,0.579185520361991,0.6742081447963801,0.8099547511312217,0.9321266968325792,0.9638009049773756,0.9728506787330317,0.9909502262443439,0.3739130434782609,0.43478260869565216,0.5956521739130435,0.7565217391304347,0.7956521739130434,0.8130434782608695,0.8347826086956521,0.2925764192139738,0.3318777292576419,0.44541484716157204,0.611353711790393,0.6681222707423581,0.6812227074235808,0.7030567685589519
237,seg26,auto,145.0,0.9203980099502488,0.6839622641509434,0.7169811320754716,0.7547169811320755,0.7971698113207547,0.8301886792452831,0.8490566037735849,0.8632075471698113,0.4577777777777778,0.49777777777777776,0.5333333333333333,0.5733333333333334,0.6133333333333333,0.6311111111111111,0.6488888888888888,0.4,0.44,0.48,0.5377777777777778,0.5777777777777777,0.5955555555555555,0.6133333333333333,0.27358490566037735,0.5283018867924528,0.6462264150943396,0.7405660377358491,0.7735849056603774,0.7830188679245284,0.8018867924528302,0.19111111111111112,0.3377777777777778,0.4222222222222222,0.5288888888888889,0.5644444444444444,0.5733333333333334,0.5911111111111111,0.2,0.29777777777777775,0.35555555555555557,0.43555555555555553,0.4711111111111111,0.4888888888888889,0.5022222222222222
239,seg26,auto,156.0,0.9134897360703812,0.6447727272727274,0.7227272727272728,0.7511363636363636,0.7909090909090909,0.8136363636363636,0.8181818181818182,0.8318181818181818,0.48068669527896996,0.5236051502145923,0.5493562231759657,0.5793991416309013,0.6094420600858369,0.6180257510729614,0.6394849785407726,0.4658119658119658,0.5,0.5384615384615384,0.5769230769230769,0.6068376068376068,0.6196581196581197,0.6452991452991453,0.7727272727272727,0.7909090909090909,0.8045454545454546,0.8227272727272728,0.8409090909090909,0.8545454545454545,0.8727272727272727,0.5450643776824035,0.5579399141630901,0.5708154506437768,0.5836909871244635,0.6094420600858369,0.6223175965665236,0.648068669527897,0.4700854700854701,0.48717948717948717,0.5,0.5170940170940171,0.5427350427350427,0.5555555555555556,0.5811965811965812
240,seg26,auto,134.0,0.9246031746031746,0.5852534562211982,0.6221198156682027,0.6451612903225806,0.6820276497695853,0.7050691244239631,0.7327188940092166,0.7926267281105991,0.37333333333333335,0.40444444444444444,0.4266666666666667,0.4711111111111111,0.5111111111111111,0.5688888888888889,0.6444444444444445,0.3584070796460177,0.39823008849557523,0.42035398230088494,0.47345132743362833,0.5132743362831859,0.5486725663716814,0.6150442477876106,0.4608294930875576,0.6082949308755761,0.6728110599078341,0.7327188940092166,0.7649769585253456,0.7788018433179723,0.7972350230414746,0.27555555555555555,0.4,0.4577777777777778,0.52,0.5511111111111111,0.5644444444444444,0.5777777777777777,0.2546460176991151,0.3495575221238938,0.3938053097345133,0.4424778761061947,0.47345132743362833,0.48672566371681414,0.504424778761062
243,seg26,auto,130.0,0.9202898550724637,0.8371040723981901,0.8778280542986425,0.8914027149321267,0.9230769230769231,0.9502262443438914,0.9638009049773756,0.9773755656108597,0.5304347826086957,0.5956521739130435,0.6304347826086957,0.6869565217391305,0.7304347826086957,0.7434782608695653,0.7652173913043478,0.47186147186147187,0.5324675324675324,0.5887445887445888,0.6623376623376623,0.70995670995671,0.7229437229437229,0.7445887445887446,0.5972850678733032,0.6923076923076923,0.7647058823529411,0.8914027149321267,0.9230769230769231,0.9321266968325792,0.9457013574660633,0.32608695652173914,0.391304347826087,0.46956521739130436,0.6521739130434783,0.6956521739130435,0.7086956521739131,0.7217391304347827,0.2857142857142857,0.3246753246753247,0.3841991341991342,0.5584415584415584,0.6017316017316018,0.6190476190476191,0.6320346320346321
245,seg26,auto,116.0,0.8962765957446809,0.7387387387387387,0.7927927927927928,0.8153153153153153,0.8738738738738738,0.9054054054054054,0.9144144144144144,0.9324324324324325,0.47280334728033474,0.602510460251046,0.6359832635983264,0.6861924686192469,0.7196652719665272,0.7364016736401674,0.7615062761506276,0.45,0.5541666666666667,0.5875,0.6541666666666667,0.7041666666666667,0.7208333333333333,0.7541666666666667,0.8513513513513513,0.8693693693693694,0.8828828828828829,0.8963963963963963,0.918918918918919,0.9279279279279279,0.9414414414414415,0.6276150627615062,0.6527196652719666,0.6652719665271967,0.6820083682008368,0.694560669456067,0.7071129707112971,0.7238493723849372,0.55,0.5791666666666667,0.5916666666666667,0.6041666666666666,0.6208333333333333,0.6333333333333333,0.65
246,seg26,auto,132.0,0.9126798260287722,0.7522123893805309,0.7920353982300885,0.8141592920353983,0.8495575221238938,0.8849557522123894,0.8982300884955752,0.915929203539823,0.49306722689075627,0.5504201680672269,0.5756302521008403,0.6218487394957983,0.6848739495798319,0.7016806722689075,0.7310924369747899,0.4177215189873418,0.4767932489451477,0.5147679324894515,0.5654008438818565,0.6413502109704642,0.6666666666666666,0.6962025316455697,0.6592920353982301,0.7477876106194691,0.7787610619469026,0.8097345132743363,0.831858407079646,0.8407079646017699,0.8495575221238938,0.4579831932773109,0.48739495798319327,0.5168067226890757,0.542016806722689,0.5588235294117647,0.5714285714285714,0.592436974789916,0.3628691983122363,0.38396624472573837,0.4050632911392405,0.43037974683544306,0.45147679324894513,0.4641350210970464,0.5316455696202531
247,seg26,auto,151.0,0.9054783950617284,0.7232142857142857,0.75,0.7767857142857143,0.8169642857142857,0.84375,0.8571428571428571,0.875,0.4340425531914894,0.4595744680851064,0.5106382978723404,0.5574468085106383,0.5914893617021276,0.6042553191489362,0.625531914893617,0.37838983050847463,0.4152542372881356,0.461864406779661,0.5254237288135594,0.5508474576271186,0.5677966101694916,0.5889830508474576,0.4955357142857143,0.5803571428571429,0.6026785714285714,0.6651785714285714,0.7008928571428571,0.71875,0.7410714285714286,0.3021276595744681,0.37446808510638296,0.4,0.4595744680851064,0.48936170212765956,0.5106382978723404,0.5234042553191489,0.2584745762711864,0.3008474576271186,0.3177966101694915,0.3474576271186441,0.3771186440677966,0.3898305084745763,0.4110169491525424
248,seg26,auto,122.0,0.8900584795321638,0.7567567567567568,0.7927927927927928,0.8108108108108109,0.8693693693693694,0.8963963963963963,0.9054054054054054,0.918918918918919,0.5170940170940171,0.5683760683760684,0.6079059829059829,0.6666666666666666,0.7051282051282052,0.7222222222222222,0.7350427350427351,0.4297872340425532,0.49361702127659574,0.5404255319148936,0.6212765957446809,0.6680851063829787,0.6851063829787234,0.7021276595744681,0.5900900900900901,0.6621621621621622,0.7252252252252253,0.7792792792792793,0.7972972972972973,0.8063063063063063,0.8153153153153153,0.3547008547008547,0.4188034188034188,0.47863247863247865,0.5213675213675214,0.5470085470085471,0.5641025641025641,0.5811965811965812,0.28936170212765955,0.34191489361702115,0.37872340425531914,0.42127659574468085,0.44680851063829785,0.4595744680851064,0.4765957446808511
249,seg26,auto,119.0,0.898886827458256,0.832579185520362,0.8597285067873304,0.8733031674208145,0.9004524886877828,0.9230769230769231,0.9366515837104072,0.9457013574660633,0.5872340425531914,0.6297872340425532,0.6468085106382979,0.6851063829787234,0.7148936170212766,0.723404255319149,0.7361702127659574,0.5191489361702127,0.5574468085106383,0.5787234042553191,0.625531914893617,0.6553191489361702,0.6638297872340425,0.6808510638297872,0.8597285067873304,0.8778280542986425,0.8868778280542986,0.9004524886877828,0.9095022624434389,0.9140271493212669,0.9230769230769231,0.6425531914893617,0.6680851063829787,0.676595744680851,0.6936170212765957,0.7063829787234043,0.7106382978723405,0.7191489361702128,0.5234042553191489,0.5446808510638298,0.5531914893617021,0.574468085106383,0.5914893617021276,0.6,0.6127659574468085
250,seg26,auto,126.0,0.8938775510204081,0.7647058823529411,0.8235294117647058,0.8506787330316742,0.8914027149321267,0.9230769230769231,0.9457013574660633,0.9683257918552036,0.5150214592274678,0.5879828326180258,0.6223175965665236,0.6695278969957081,0.7081545064377682,0.7339055793991416,0.8313304721030035,0.46709401709401716,0.5555555555555556,0.5897435897435898,0.6367521367521367,0.6794871794871795,0.7051282051282052,0.7948717948717948,0.616289592760181,0.6968325791855203,0.755656108597285,0.8144796380090498,0.8371040723981901,0.8461538461538461,0.8597285067873304,0.34763948497854075,0.41630901287553645,0.49356223175965663,0.575107296137339,0.6051502145922747,0.6137339055793991,0.630901287553648,0.29914529914529914,0.3418803418803419,0.4017094017094017,0.49145299145299143,0.5213675213675214,0.5341880341880342,0.5512820512820513
251,seg26,auto,143.0,0.9184981684981685,0.7465437788018433,0.8248847926267281,0.8433179723502304,0.880184331797235,0.9124423963133641,0.9354838709677419,0.967741935483871,0.5087719298245614,0.5701754385964912,0.5921052631578947,0.6403508771929824,0.6842105263157895,0.7105263157894737,0.7543859649122807,0.4778761061946903,0.5486725663716814,0.5707964601769911,0.6106194690265486,0.6504424778761062,0.6769911504424779,0.7079646017699115,0.4470046082949309,0.5852534562211982,0.7142857142857143,0.8525345622119815,0.8663594470046083,0.8755760368663594,0.8847926267281107,0.2675438596491228,0.3508771929824561,0.48135964912280704,0.6271929824561403,0.6447368421052632,0.6535087719298246,0.6666666666666666,0.24336283185840707,0.3053097345132743,0.4247787610619469,0.5353982300884956,0.5619469026548672,0.5707964601769911,0.584070796460177
252,seg26,auto,89.0,0.8841437632135306,0.8362831858407079,0.8738938053097345,0.8938053097345132,0.9247787610619469,0.9557522123893806,0.9601769911504425,0.9778761061946902,0.548936170212766,0.6170212765957447,0.6680851063829787,0.7106382978723405,0.7446808510638298,0.7574468085106383,0.7787234042553192,0.4765957446808511,0.5617021276595745,0.6297872340425532,0.676595744680851,0.7106382978723405,0.723404255319149,0.7489361702127659,0.38495575221238937,0.6106194690265486,0.7566371681415929,0.8805309734513275,0.911504424778761,0.9203539823008849,0.9247787610619469,0.2519148936170213,0.4085106382978723,0.5319148936170213,0.6680851063829787,0.7106382978723405,0.723404255319149,0.7319148936170212,0.23829787234042554,0.3404255319148936,0.425531914893617,0.5531914893617021,0.6,0.6127659574468085,0.6297872340425532
253,seg26,auto,149.0,0.9153325123152709,0.8144796380090498,0.8416289592760181,0.8597285067873304,0.8914027149321267,0.9276018099547512,0.9457013574660633,0.9683257918552036,0.5497835497835498,0.5974025974025974,0.6233766233766234,0.7012987012987013,0.7489177489177489,0.7705627705627706,0.829437229437231,0.5021645021645021,0.5497835497835498,0.5844155844155844,0.6753246753246753,0.7316017316017316,0.7575757575757576,0.8095238095238095,0.7963800904977375,0.8144796380090498,0.8190045248868778,0.8416289592760181,0.8642533936651584,0.8778280542986425,0.8914027149321267,0.5151515151515151,0.5324675324675324,0.5541125541125541,0.5887445887445888,0.6277056277056277,0.6406926406926406,0.658008658008658,0.47619047619047616,0.5021645021645021,0.5194805194805194,0.5454545454545454,0.5800865800865801,0.5930735930735931,0.6103896103896104
254,seg26,auto,127.0,0.8982558139534884,0.7647058823529411,0.8009049773755657,0.8144796380090498,0.8461538461538461,0.8687782805429864,0.8778280542986425,0.9004524886877828,0.4605263157894737,0.5043859649122807,0.5263157894736842,0.5614035087719298,0.5833333333333334,0.5921052631578947,0.6638157894736838,0.388646288209607,0.4279475982532751,0.47161572052401746,0.5283842794759825,0.5589519650655022,0.5764192139737991,0.6026200873362445,0.5294117647058824,0.6470588235294118,0.7873303167420814,0.8506787330316742,0.8687782805429864,0.8778280542986425,0.8868778280542986,0.30328947368421055,0.41228070175438597,0.5394736842105263,0.618421052631579,0.6447368421052632,0.6578947368421053,0.6666666666666666,0.24082969432314413,0.3056768558951965,0.40611353711790393,0.48034934497816595,0.5065502183406113,0.5152838427947598,0.5327510917030568
255,seg26,auto,69.0,0.908498759305211,0.8,0.8266666666666667,0.84,0.8622222222222222,0.8844444444444445,0.8977777777777778,0.92,0.5872340425531914,0.6170212765957447,0.6382978723404256,0.6638297872340425,0.7063829787234043,0.7191489361702128,0.7489361702127659,0.48497854077253216,0.5236051502145923,0.5493562231759657,0.5965665236051502,0.6394849785407726,0.6652360515021459,0.6909871244635193,0.6355555555555555,0.7066666666666667,0.7688888888888888,0.8355555555555556,0.8666666666666667,0.8844444444444445,0.9066666666666666,0.41702127659574467,0.48936170212765956,0.548936170212766,0.6212765957446809,0.6638297872340425,0.6808510638297872,0.7106382978723405,0.3133047210300429,0.3648068669527897,0.4206008583690987,0.48068669527896996,0.5278969957081545,0.5450643776824035,0.5708154506437768
256,seg26,auto,124.0,0.8955555555555555,0.7972972972972973,0.8333333333333334,0.8558558558558559,0.8963963963963963,0.9369369369369369,0.9459459459459459,0.963963963963964,0.5384615384615384,0.5897435897435898,0.6367521367521367,0.688034188034188,0.7435897435897436,0.7649572649572649,0.782051282051282,0.43776824034334766,0.5064377682403434,0.5579399141630901,0.6394849785407726,0.6995708154506438,0.721030042918455,0.7510729613733905,0.8153153153153153,0.8288288288288288,0.8423423423423423,0.8648648648648649,0.8828828828828829,0.8918918918918919,0.9054054054054054,0.5769230769230769,0.5854700854700855,0.594017094017094,0.6111111111111112,0.6282051282051282,0.6367521367521367,0.6452991452991453,0.43776824034334766,0.45493562231759654,0.4592274678111588,0.47639484978540775,0.4978540772532189,0.5064377682403434,0.5150214592274678
258,seg26,auto,134.0,0.8738505747126437,0.6018099547511312,0.6515837104072398,0.6877828054298643,0.7828054298642534,0.832579185520362,0.8461538461538461,0.8552036199095022,0.3888888888888889,0.4358974358974359,0.47863247863247865,0.5512820512820513,0.5897435897435898,0.6025641025641025,0.6282051282051282,0.33617021276595743,0.37446808510638296,0.4340425531914894,0.5319148936170213,0.5702127659574469,0.5872340425531914,0.6085106382978723,0.31221719457013575,0.5565610859728507,0.6606334841628959,0.8009049773755657,0.8506787330316742,0.8642533936651584,0.8823529411764706,0.2222222222222222,0.36324786324786323,0.44017094017094016,0.5769230769230769,0.6324786324786325,0.6495726495726496,0.6623931623931624,0.225531914893617,0.3276595744680851,0.3829787234042553,0.502127659574468,0.5617021276595745,0.5787234042553191,0.5957446808510638
260,seg26,auto,134.0,0.9157738095238095,0.6954545454545454,0.7727272727272727,0.8090909090909091,0.85,0.8772727272727273,0.8863636363636364,0.9,0.43478260869565216,0.4826086956521739,0.5043478260869565,0.5565217391304348,0.6,0.6086956521739131,0.6260869565217392,0.3333333333333333,0.3939393939393939,0.4199134199134199,0.5064935064935064,0.5454545454545454,0.5584415584415584,0.5757575757575758,0.55,0.7045454545454546,0.7318181818181818,0.7681818181818182,0.7954545454545454,0.8090909090909091,0.8227272727272728,0.3347826086956522,0.4391304347826087,0.4652173913043478,0.4956521739130435,0.5130434782608696,0.5260869565217391,0.5391304347826087,0.2857142857142857,0.33766233766233766,0.36796536796536794,0.38961038961038963,0.4025974025974026,0.4155844155844156,0.4329004329004329
261,seg26,auto,118.0,0.8886748844375963,0.7058823529411765,0.8054298642533937,0.8416289592760181,0.8778280542986425,0.9004524886877828,0.9095022624434389,0.9230769230769231,0.44155844155844154,0.5541125541125541,0.6017316017316018,0.6493506493506493,0.683982683982684,0.6926406926406926,0.7519480519480511,0.38095238095238093,0.5108225108225108,0.5714285714285714,0.6406926406926406,0.6753246753246753,0.6883116883116883,0.7229437229437229,0.6153846153846154,0.7149321266968326,0.7963800904977375,0.8733031674208145,0.9095022624434389,0.9140271493212669,0.9276018099547512,0.41125541125541126,0.5021645021645021,0.5974025974025974,0.696969696969697,0.7445887445887446,0.7575757575757576,0.7835497835497836,0.3116883116883117,0.39826839826839827,0.49783549783549785,0.5844155844155844,0.6320346320346321,0.6536796536796536,0.683982683982684
262,seg26,auto,50.0,0.904170118751726,0.8738738738738738,0.918918918918919,0.9414414414414415,0.9774774774774775,1.0045045045045045,1.0135135135135136,1.0315315315315314,0.6425531914893617,0.7404255319148936,0.7829787234042553,0.8340425531914893,0.8723404255319149,0.8936170212765957,0.9531914893617022,0.5602127659574468,0.6340425531914894,0.6893617021276596,0.7361702127659574,0.7829787234042553,0.8127659574468085,0.9078723404255316,0.6531531531531531,0.7432432432432432,0.8243243243243243,0.8783783783783784,0.9009009009009009,0.9099099099099099,0.9234234234234234,0.3702127659574468,0.46382978723404256,0.5787234042553191,0.6468085106382979,0.6723404255319149,0.6808510638297872,0.7021276595744681,0.2723404255319149,0.3404255319148936,0.4297872340425532,0.49361702127659574,0.5191489361702127,0.5319148936170213,0.5531914893617021
263,seg26,auto,150.0,0.8925806451612903,0.783410138248848,0.8110599078341014,0.8248847926267281,0.847926267281106,0.8709677419354839,0.8847926267281107,0.9078341013824884,0.5150214592274678,0.5493562231759657,0.5622317596566524,0.592274678111588,0.6266094420600858,0.648068669527897,0.7124463519313304,0.45454545454545453,0.48917748917748916,0.5194805194805194,0.5541125541125541,0.5930735930735931,0.6103896103896104,0.6796536796536796,0.9078341013824884,0.9262672811059908,0.9308755760368663,0.9400921658986175,0.9539170506912442,0.9585253456221198,0.9631336405529954,0.6781115879828327,0.6946351931330471,0.703862660944206,0.7253218884120172,0.7467811158798283,0.7639484978540773,0.7725321888412017,0.5974025974025974,0.6190476190476191,0.6277056277056277,0.6493506493506493,0.6666666666666666,0.6796536796536796,0.696969696969697
264,seg26,auto,161.0,0.8404808317089019,0.6898148148148148,0.7268518518518519,0.7638888888888888,0.8287037037037037,0.8703703703703703,0.8842592592592593,0.9027777777777778,0.46255506607929514,0.5066079295154186,0.5462555066079295,0.5991189427312775,0.6563876651982379,0.6740088105726872,0.6916299559471366,0.3893805309734513,0.4469026548672566,0.5,0.5619469026548672,0.6150442477876106,0.6371681415929203,0.6548672566371682,0.46226851851851863,0.6111111111111112,0.6805555555555556,0.8240740740740741,0.8564814814814815,0.8703703703703703,0.8796296296296297,0.2599118942731278,0.3788546255506608,0.44493392070484583,0.5991189427312775,0.6387665198237885,0.6519823788546255,0.6651982378854625,0.22123893805309736,0.3053097345132743,0.3495575221238938,0.4690265486725664,0.5088495575221239,0.5265486725663717,0.5486725663716814
265,seg26,auto,116.0,0.8857774502579219,0.7741935483870968,0.8202764976958525,0.847926267281106,0.8940092165898618,0.9262672811059908,0.9400921658986175,0.9631336405529954,0.5793991416309013,0.630901287553648,0.648068669527897,0.6866952789699571,0.7296137339055794,0.7467811158798283,0.7896995708154506,0.5344827586206896,0.5905172413793104,0.6206896551724138,0.6637931034482759,0.7068965517241379,0.7241379310344828,0.7758620689655172,0.37327188940092165,0.5069124423963134,0.5852534562211982,0.7465437788018433,0.7788018433179723,0.7972350230414746,0.8064516129032258,0.22746781115879827,0.30472103004291845,0.3648068669527897,0.5064377682403434,0.5364806866952789,0.5493562231759657,0.5536480686695279,0.22629310344827586,0.2801724137931034,0.31896551724137934,0.39655172413793105,0.4224137931034483,0.43103448275862066,0.4482758620689655
273,seg26,auto,141.0,0.8822805578342904,0.6681614349775785,0.695067264573991,0.7130044843049327,0.7533632286995515,0.8026905829596412,0.8251121076233184,0.852017937219731,0.5020408163265306,0.5224489795918368,0.5387755102040817,0.5673469387755102,0.6040816326530613,0.6244897959183674,0.6775510204081633,0.5142857142857142,0.5346938775510204,0.5510204081632653,0.5795918367346938,0.6040816326530613,0.6204081632653061,0.6653061224489796,0.8026905829596412,0.8251121076233184,0.8340807174887892,0.852017937219731,0.8654708520179372,0.874439461883408,0.8789237668161435,0.5428571428571428,0.5714285714285714,0.5795918367346938,0.6040816326530613,0.6204081632653061,0.6326530612244898,0.636734693877551,0.4816326530612245,0.5102040816326531,0.5183673469387755,0.5387755102040817,0.5551020408163265,0.563265306122449,0.5714285714285714
276,seg26,auto,135.0,0.891264667535854,0.6842105263157895,0.7149122807017544,0.7587719298245614,0.8157894736842105,0.8552631578947368,0.868421052631579,0.8947368421052632,0.5381526104417671,0.5742971887550201,0.6104417670682731,0.6706827309236948,0.7028112449799196,0.7269076305220884,0.7630522088353414,0.4899598393574297,0.5261044176706827,0.5742971887550201,0.6586345381526104,0.7028112449799196,0.7269076305220884,0.7630522088353414,0.8114035087719298,0.8250000000000001,0.8333333333333334,0.8508771929824561,0.8859649122807017,0.8991228070175439,0.9122807017543859,0.5823293172690763,0.6024096385542169,0.6104417670682731,0.6265060240963856,0.6666666666666666,0.6863453815261048,0.7028112449799196,0.4979919678714859,0.5180722891566265,0.5301204819277109,0.5461847389558233,0.5783132530120482,0.5943775100401606,0.6144578313253012
277,seg26,auto,124.0,0.9211494252873563,0.7434782608695653,0.7869565217391304,0.8173913043478261,0.8652173913043478,0.9,0.9130434782608695,0.9304347826086956,0.5564516129032258,0.6129032258064516,0.6451612903225806,0.6935483870967742,0.7419354838709677,0.7661290322580645,0.7983870967741935,0.4959349593495935,0.5528455284552846,0.5975609756097561,0.6666666666666666,0.7276422764227642,0.7479674796747967,0.7764227642276422,0.7869565217391304,0.808695652173913,0.8217391304347826,0.8478260869565217,0.8739130434782608,0.8869565217391304,0.908695652173913,0.5362903225806451,0.5483870967741935,0.5645161290322581,0.6088709677419355,0.6370967741935484,0.657258064516129,0.6814516129032258,0.42276422764227645,0.44715447154471544,0.4715447154471545,0.5121951219512195,0.556910569105691,0.5813008130081301,0.6097560975609756
279,seg26,auto,93.0,0.7853107344632768,0.8305084745762712,0.8601694915254238,0.8771186440677966,0.902542372881356,0.9194915254237288,0.9279661016949152,0.9364406779661016,0.6135458167330677,0.6733067729083665,0.701195219123506,0.7370517928286853,0.7529880478087649,0.7649402390438247,0.7888446215139442,0.5301204819277109,0.5983935742971888,0.6385542168674698,0.6867469879518072,0.7108433734939759,0.7269076305220884,0.7469879518072289,0.6440677966101694,0.75,0.809322033898305,0.8516949152542372,0.8940677966101694,0.9194915254237288,0.9364406779661016,0.4342629482071713,0.5537848605577689,0.6135458167330677,0.6573705179282868,0.701195219123506,0.7171314741035857,0.7370517928286853,0.3534136546184739,0.44176706827309237,0.4859437751004016,0.5220883534136547,0.5662650602409639,0.5783132530120482,0.5943775100401606
280,seg26,auto,94.0,0.9003359462486002,0.8487394957983193,0.8739495798319328,0.8865546218487395,0.9159663865546218,0.9369747899159664,0.9453781512605042,0.9747899159663865,0.6194331983805668,0.6680161943319838,0.6842105263157895,0.7125506072874493,0.7489878542510121,0.7894736842105263,0.854251012145749,0.5163934426229508,0.6147540983606558,0.639344262295082,0.6680327868852459,0.6967213114754098,0.7172131147540983,0.7868852459016393,0.6172268907563025,0.7773109243697479,0.819327731092437,0.8739495798319328,0.9117647058823529,0.9243697478991597,0.9369747899159664,0.42874493927125507,0.5870445344129555,0.6356275303643725,0.6963562753036437,0.7449392712550608,0.7651821862348178,0.7935222672064778,0.3483606557377049,0.4713114754098361,0.5204918032786885,0.5901639344262295,0.6352459016393442,0.6475409836065574,0.6762295081967213
281,seg26,auto,140.0,0.8954058876003568,0.7399103139013453,0.8026905829596412,0.8385650224215246,0.8968609865470852,0.9147982062780269,0.9282511210762332,0.9372197309417041,0.5333333333333333,0.6458333333333334,0.6875,0.7583333333333333,0.7958333333333333,0.8083333333333333,0.8291666666666667,0.5071428571428572,0.6134453781512605,0.6596638655462185,0.7310924369747899,0.7605042016806722,0.7773109243697479,0.8067226890756303,0.8609865470852018,0.874439461883408,0.8834080717488789,0.8923766816143498,0.905829596412556,0.9103139013452914,0.9147982062780269,0.6083333333333333,0.6208333333333333,0.625,0.6375,0.6541666666666667,0.6625,0.675,0.542016806722689,0.5546218487394958,0.5630252100840336,0.5714285714285714,0.5882352941176471,0.5966386554621849,0.6092436974789915
283,seg26,auto,93.0,0.8928571428571429,0.8109243697478992,0.8319327731092437,0.8487394957983193,0.865546218487395,0.8781512605042017,0.8865546218487395,0.9117647058823529,0.5856573705179283,0.6294820717131474,0.649402390438247,0.6733067729083665,0.7171314741035857,0.7370517928286853,0.8047808764940239,0.5220883534136547,0.5783132530120482,0.5983935742971888,0.6385542168674698,0.6907630522088354,0.714859437751004,0.7590361445783133,0.5966386554621849,0.6932773109243697,0.7436974789915967,0.819327731092437,0.8823529411764706,0.907563025210084,0.9495798319327731,0.47410358565737054,0.5378486055776892,0.5737051792828686,0.6772908366533864,0.7609561752988048,0.8276892430278885,0.9322709163346613,0.3855421686746988,0.42570281124497994,0.4538152610441767,0.5542168674698795,0.7028112449799196,0.8232931726907631,0.927710843373494
286,seg26,auto,127.0,0.9292592592592592,0.8619246861924686,0.891213389121339,0.9079497907949791,0.9330543933054394,0.9414225941422594,0.9456066945606695,0.9606694560669452,0.6600790513833992,0.7154150197628458,0.7312252964426877,0.758893280632411,0.7747035573122529,0.7984189723320159,0.83399209486166,0.632,0.692,0.712,0.74,0.764,0.788,0.82,0.8702928870292888,0.891213389121339,0.899581589958159,0.9246861924686193,0.9414225941422594,0.9456066945606695,0.9539748953974896,0.691699604743083,0.7272727272727273,0.7470355731225297,0.7786561264822134,0.7905138339920948,0.7984189723320159,0.8063241106719368,0.596,0.628,0.652,0.68,0.696,0.704,0.712
287,seg26,auto,160.0,0.8585924713584288,0.7155172413793104,0.75,0.7672413793103449,0.8146551724137931,0.853448275862069,0.8706896551724138,0.9008620689655172,0.4819277108433735,0.5341365461847389,0.5622489959839357,0.606425702811245,0.678714859437751,0.7028112449799196,0.7269076305220884,0.4065040650406504,0.4715447154471545,0.5121951219512195,0.573170731707317,0.6544715447154471,0.6788617886178862,0.7073170731707317,0.5043103448275862,0.6379310344827587,0.7025862068965517,0.8103448275862069,0.853448275862069,0.8620689655172413,0.8793103448275862,0.42168674698795183,0.4859437751004016,0.5261044176706827,0.5903614457831325,0.6144578313253012,0.6305220883534136,0.6626506024096386,0.3861788617886179,0.4186991869918699,0.44715447154471544,0.4959349593495935,0.524390243902439,0.5447154471544715,0.6178861788617886
288,seg26,auto,44.0,0.9055690072639225,0.6982758620689655,0.75,0.8103448275862069,0.8491379310344828,0.8793103448275862,0.8922413793103449,0.9008620689655172,0.5061728395061729,0.5637860082304527,0.6584362139917695,0.7119341563786008,0.7613168724279835,0.7736625514403292,0.787860082304526,0.4132231404958678,0.47520661157024796,0.5950413223140496,0.6446280991735537,0.6859504132231405,0.6983471074380165,0.7148760330578512,0.4396551724137931,0.5818965517241379,0.6594827586206896,0.7801724137931034,0.8405172413793104,0.853448275862069,0.8663793103448276,0.35041152263374487,0.4444444444444444,0.48559670781893005,0.5967078189300411,0.6584362139917695,0.6707818930041153,0.6872427983539094,0.30991735537190085,0.34710743801652894,0.371900826446281,0.4793388429752066,0.5289256198347108,0.5495867768595041,0.5743801652892562
289,seg26,auto,120.0,0.8832528180354268,0.7735042735042735,0.7991452991452992,0.8290598290598291,0.8717948717948718,0.9017094017094017,0.9145299145299145,0.9358974358974359,0.536,0.5838,0.628,0.672,0.704,0.736,0.844,0.48582995951417,0.5263157894736842,0.5708502024291497,0.6194331983805668,0.659919028340081,0.6842105263157895,0.7975708502024291,0.6709401709401709,0.7882478632478632,0.8547008547008547,0.9188034188034188,0.9273504273504274,0.9316239316239316,0.9401709401709402,0.4,0.528,0.612,0.724,0.752,0.756,0.764,0.32388663967611336,0.43724696356275305,0.5172064777327935,0.6518218623481782,0.6761133603238867,0.6842105263157895,0.6923076923076923
290,seg26,auto,70.0,0.90472334682861,0.8744588744588745,0.9090909090909091,0.9393939393939394,0.9696969696969697,0.987012987012987,0.9913419913419913,1.0,0.6885245901639344,0.7540983606557377,0.7827868852459017,0.8360655737704918,0.8688524590163934,0.8811475409836066,0.8975409836065574,0.6008230452674898,0.6790123456790124,0.720164609053498,0.7860082304526749,0.831275720164609,0.8436213991769548,0.8641975308641975,0.974025974025974,0.987012987012987,0.9956709956709957,1.0086580086580086,1.0173160173160174,1.0216450216450217,1.0303030303030303,0.8442622950819673,0.8524590163934426,0.8647540983606558,0.8811475409836066,0.889344262295082,0.8975409836065574,0.9057377049180327,0.7325102880658436,0.7448559670781894,0.7613168724279835,0.7860082304526749,0.8024691358024691,0.8148148148148148,0.8395061728395061
291,seg26,auto,78.0,0.9161793372319688,0.8154506437768241,0.871244635193133,0.8969957081545065,0.944206008583691,0.9656652360515021,0.9742489270386266,0.9871244635193133,0.6178861788617886,0.6788617886178862,0.7154471544715447,0.7804878048780488,0.8048780487804879,0.8211382113821138,0.8373983739837398,0.5122950819672131,0.5778688524590164,0.6270491803278688,0.7131147540983607,0.75,0.7663934426229508,0.7868852459016393,0.6909871244635193,0.8154506437768241,0.8583690987124464,0.9055793991416309,0.944206008583691,0.9656652360515021,0.9871244635193133,0.500609756097561,0.6463414634146342,0.7235772357723578,0.7804878048780488,0.8211382113821138,0.8577235772357723,0.8780487804878049,0.36885245901639346,0.5,0.5778688524590164,0.6434426229508197,0.7049180327868853,0.7336065573770492,0.7745901639344263
293,seg26,auto,49.0,0.920814479638009,0.8755364806866953,0.9012875536480687,0.9098712446351931,0.9313304721030042,0.9570815450643777,0.9656652360515021,0.9742489270386266,0.7366255144032922,0.757201646090535,0.7736625514403292,0.8106995884773662,0.8477366255144033,0.8683127572016461,0.8847736625514403,0.6378600823045267,0.6748971193415638,0.7037037037037037,0.7530864197530864,0.8106995884773662,0.8271604938271605,0.8436213991769548,0.8755364806866953,0.8884120171673819,0.8927038626609443,0.9098712446351931,0.9313304721030042,0.9356223175965666,0.9484978540772532,0.720164609053498,0.7366255144032922,0.7448559670781894,0.757201646090535,0.7860082304526749,0.8148148148148148,0.8395061728395061,0.5925925925925926,0.6090534979423868,0.6172839506172839,0.6378600823045267,0.691358024691358,0.720164609053498,0.7613168724279835
294,seg26,auto,153.0,0.9217267552182163,0.6986899563318777,0.7467248908296943,0.777292576419214,0.8296943231441049,0.8733624454148472,0.8864628820960698,0.9039301310043668,0.5121951219512195,0.5487804878048781,0.573170731707317,0.6138211382113821,0.6585365853658537,0.6829268292682927,0.7154471544715447,0.4444444444444444,0.48559670781893005,0.51440329218107,0.5596707818930041,0.6172839506172839,0.6419753086419753,0.6748971193415638,0.834061135371179,0.8602620087336245,0.868995633187773,0.8951965065502183,0.9170305676855895,0.9213973799126638,0.9301310043668122,0.6097560975609756,0.6382113821138211,0.6504065040650406,0.6747967479674797,0.6951219512195121,0.7032520325203252,0.7235772357723578,0.5102880658436214,0.5308641975308642,0.5432098765432098,0.5679012345679012,0.588477366255144,0.6049382716049383,0.6213991769547325
295,seg26,auto,122.0,0.8964076858813701,0.8523206751054853,0.869198312236287,0.8818565400843882,0.9113924050632911,0.9409282700421941,0.9620253164556962,0.9746835443037974,0.6178861788617886,0.6504065040650406,0.6788617886178862,0.7276422764227642,0.8008130081300813,0.8373983739837398,0.8617886178861789,0.5619834710743802,0.6157024793388429,0.6446280991735537,0.7024793388429752,0.768595041322314,0.8057851239669421,0.8429752066115702,0.6582278481012658,0.7341772151898734,0.8396624472573839,0.8860759493670886,0.8945147679324894,0.8987341772151899,0.9071729957805907,0.4065040650406504,0.47560975609756095,0.6260162601626016,0.6747967479674797,0.6910569105691057,0.6951219512195121,0.6991869918699187,0.30578512396694213,0.371900826446281,0.5041322314049587,0.5537190082644629,0.5702479338842975,0.5743801652892562,0.5826446280991735
296,seg26,auto,153.0,0.9052004333694474,0.7838983050847458,0.8177966101694916,0.8347457627118644,0.864406779661017,0.8940677966101694,0.9067796610169492,0.9110169491525424,0.4860557768924303,0.5258964143426295,0.5627490039840638,0.6533864541832669,0.7131474103585658,0.7330677290836654,0.749003984063745,0.4538152610441767,0.4899598393574297,0.5341365461847389,0.6224899598393574,0.6827309236947792,0.7028112449799196,0.7188755020080321,0.5550847457627118,0.7754237288135594,0.8135593220338984,0.8432203389830508,0.864406779661017,0.8728813559322034,0.885593220338983,0.350597609561753,0.5816733067729084,0.6414342629482072,0.6812749003984063,0.7051792828685259,0.7211155378486056,0.7370517928286853,0.3092369477911647,0.46586345381526106,0.5140562248995983,0.5542168674698795,0.5783132530120482,0.5903614457831325,0.6104417670682731
297,seg26,auto,109.0,0.9126275510204082,0.7489177489177489,0.8008658008658008,0.8354978354978355,0.8701298701298701,0.8831168831168831,0.8961038961038961,0.9134199134199135,0.5163934426229508,0.5819672131147541,0.6270491803278688,0.6680327868852459,0.7172131147540983,0.7534836065573767,0.7868852459016393,0.4464876033057852,0.5289256198347108,0.5702479338842975,0.6198347107438017,0.6652892561983471,0.7066115702479339,0.768595041322314,0.41125541125541126,0.5194805194805194,0.5887445887445888,0.7619047619047619,0.8614718614718615,0.8874458874458875,0.9047619047619048,0.2786885245901639,0.3360655737704918,0.38114754098360654,0.5450819672131147,0.6680327868852459,0.7172131147540983,0.75,0.2727272727272727,0.2975206611570248,0.3181818181818182,0.44214876033057854,0.5702479338842975,0.6363636363636364,0.6818181818181818
298,seg26,auto,121.0,0.9027777777777778,0.7083333333333334,0.7592592592592593,0.7870370370370371,0.8333333333333334,0.8796296296296297,0.8981481481481481,0.9212962962962963,0.5387931034482759,0.5646551724137931,0.5862068965517241,0.6422413793103449,0.6853448275862069,0.7155172413793104,0.7586206896551724,0.48917748917748916,0.5194805194805194,0.5367965367965368,0.5930735930735931,0.6363636363636364,0.6623376623376623,0.7229437229437229,0.8379629629629629,0.8564814814814815,0.875,0.9027777777777778,0.9212962962962963,0.9305555555555556,0.9444444444444444,0.5905172413793104,0.6163793103448276,0.6379310344827587,0.6681034482758621,0.6896551724137931,0.6982758620689655,0.7112068965517241,0.5367965367965368,0.5627705627705628,0.5800865800865801,0.6017316017316018,0.6233766233766234,0.6363636363636364,0.6536796536796536
300,seg26,auto,107.0,0.8842213114754098,0.8067226890756303,0.8361344537815126,0.8529411764705882,0.8823529411764706,0.907563025210084,0.9747899159663865,1.0084033613445378,0.5976095617529881,0.6693227091633466,0.7051792828685259,0.7410358565737052,0.7888446215139442,0.9402390438247012,0.9840637450199203,0.564,0.628,0.66,0.708,0.772,0.884,0.944,0.7394957983193278,0.8529411764705882,0.8907563025210085,0.9243697478991597,0.9453781512605042,0.9495798319327731,0.9621848739495799,0.4820717131474104,0.6374501992031872,0.6972111553784861,0.749003984063745,0.7729083665338645,0.7928286852589641,0.8286852589641435,0.36,0.5042000000000001,0.564,0.62,0.648,0.66,0.708
301,seg26,auto,112.0,0.9083333333333333,0.7725321888412017,0.7982832618025751,0.8326180257510729,0.9098712446351931,0.944206008583691,0.9484978540772532,0.9613733905579399,0.5263157894736842,0.562753036437247,0.611336032388664,0.7206477732793523,0.7935222672064778,0.8137651821862348,0.8259109311740891,0.4702868852459016,0.5286885245901639,0.569672131147541,0.6557377049180327,0.7172131147540983,0.7377049180327869,0.7540983606557377,0.8154506437768241,0.8669527896995708,0.8755364806866953,0.8884120171673819,0.9012875536480687,0.9055793991416309,0.9184549356223176,0.611336032388664,0.6680161943319838,0.6842105263157895,0.6963562753036437,0.7125506072874493,0.7206477732793523,0.7327935222672065,0.5614754098360656,0.6065573770491803,0.6229508196721312,0.6434426229508197,0.6598360655737705,0.6680327868852459,0.680327868852459
302,seg26,auto,119.0,0.9097460535346603,0.782051282051282,0.8333333333333334,0.8547008547008547,0.8888888888888888,0.9273504273504274,0.9358974358974359,0.9444444444444444,0.6024096385542169,0.6385542168674698,0.6546184738955824,0.7068273092369478,0.7710843373493976,0.7871485943775101,0.8273092369477911,0.5546558704453441,0.6032388663967612,0.6234817813765182,0.6761133603238867,0.7449392712550608,0.7651821862348178,0.805668016194332,0.583974358974359,0.8846153846153846,0.8974358974358975,0.9145299145299145,0.9273504273504274,0.9358974358974359,0.9487179487179487,0.3921686746987952,0.6827309236947792,0.7068273092369478,0.7269076305220884,0.7469879518072289,0.7550200803212851,0.7670682730923695,0.3481781376518219,0.5789473684210527,0.611336032388664,0.6477732793522267,0.6680161943319838,0.680161943319838,0.693724696356275
303,seg26,auto,123.0,0.8828070175438596,0.7510548523206751,0.7974683544303798,0.8354430379746836,0.8734177215189873,0.890295358649789,0.9029535864978903,0.9156118143459916,0.50199203187251,0.5896414342629482,0.6374501992031872,0.6852589641434262,0.7051792828685259,0.7131474103585658,0.7370517928286853,0.41935483870967744,0.5080645161290323,0.5645161290322581,0.6370967741935484,0.6653225806451613,0.6774193548387096,0.7056451612903226,0.6877637130801688,0.7805907172995781,0.810126582278481,0.8270042194092827,0.8438818565400844,0.8607594936708861,0.8776371308016878,0.4701195219123506,0.5697211155378487,0.5976095617529881,0.6175298804780877,0.6334661354581673,0.6414342629482072,0.6573705179282868,0.3588709677419355,0.45161290322580644,0.4838709677419355,0.5,0.5161290322580645,0.5201612903225806,0.5403225806451613
304,seg26,auto,158.0,0.8760636330003699,0.723404255319149,0.7702127659574468,0.8085106382978723,0.851063829787234,0.8808510638297873,0.8936170212765957,0.9276595744680851,0.4879032258064516,0.5362903225806451,0.5604838709677419,0.625,0.6532258064516129,0.6733870967741935,0.7580645161290323,0.44715447154471544,0.4959349593495935,0.5284552845528455,0.5975609756097561,0.6300813008130082,0.6544715447154471,0.7195121951219512,0.3659574468085106,0.5787234042553191,0.7148936170212766,0.8340425531914893,0.8638297872340426,0.8765957446808511,0.8851063829787233,0.2540322580645161,0.3870967741935484,0.5,0.6330645161290323,0.6733870967741935,0.6895161290322581,0.7016129032258065,0.24796747967479674,0.32926829268292684,0.3983739837398374,0.5040650406504065,0.5447154471544715,0.5609756097560976,0.5813008130081301
307,seg26,auto,114.0,0.9265350877192983,0.8833333333333333,0.9083333333333333,0.9208333333333333,0.9375,0.9625,0.975,0.9958333333333333,0.664,0.68,0.696,0.732,0.776,0.8,0.848,0.5991902834008097,0.6275303643724697,0.6396761133603239,0.680161943319838,0.7165991902834008,0.7449392712550608,0.7935222672064778,0.5572916666666666,0.9333333333333333,0.9625,0.975,0.9833333333333333,0.9833333333333333,0.9875,0.319,0.748,0.808,0.832,0.844,0.852,0.856,0.27125506072874495,0.6356275303643725,0.7165991902834008,0.7408906882591093,0.7530364372469636,0.7611336032388664,0.7732793522267206
308,seg26,auto,128.0,0.9017361111111111,0.8333333333333334,0.8541666666666666,0.8666666666666667,0.8875,0.9125,0.9208333333333333,0.9375,0.5617529880478087,0.5856573705179283,0.6055776892430279,0.6693227091633466,0.7091633466135459,0.7330677290836654,0.7848605577689243,0.5020080321285141,0.5341365461847389,0.5582329317269076,0.6144578313253012,0.6586345381526104,0.678714859437751,0.714859437751004,0.825,0.85,0.8666666666666667,0.9,0.925,0.9291666666666667,0.9375,0.6135458167330677,0.649402390438247,0.6733067729083665,0.7131474103585658,0.7450199203187251,0.749003984063745,0.7609561752988048,0.5060240963855421,0.5381526104417671,0.5582329317269076,0.5983935742971888,0.6345381526104418,0.6546184738955824,0.6706827309236948
309,seg26,auto,136.0,0.9032407407407408,0.8177966101694916,0.847457627118644,0.8686440677966102,0.902542372881356,0.9194915254237288,0.9279661016949152,0.9491525423728814,0.6215139442231076,0.6613545816733067,0.6852589641434262,0.7250996015936255,0.796812749003984,0.8719123505976092,0.9163346613545816,0.5263052208835342,0.5863453815261044,0.6104417670682731,0.6626506024096386,0.6987951807228916,0.7590361445783133,0.8554216867469879,0.6398305084745762,0.7415254237288136,0.7838983050847458,0.8516949152542372,0.8771186440677966,0.885593220338983,0.8983050847457628,0.41434262948207173,0.5338645418326693,0.5776892430278885,0.6533864541832669,0.6932270916334662,0.7051792828685259,0.7211155378486056,0.3251004016064258,0.42168674698795183,0.46586345381526106,0.5381526104417671,0.5783132530120482,0.5903614457831325,0.6144578313253012
310,seg26,auto,118.0,0.9074074074074074,0.8432203389830508,0.8686440677966102,0.885593220338983,0.9110169491525424,0.9322033898305084,0.9449152542372882,0.9576271186440678,0.6414342629482072,0.6733067729083665,0.6852589641434262,0.7211155378486056,0.7569721115537849,0.7768924302788844,0.8366533864541833,0.5742971887550201,0.6144578313253012,0.6305220883534136,0.6726907630522089,0.7068273092369478,0.7469879518072289,0.8122489959839357,0.8389830508474576,0.8813559322033898,0.9067796610169492,0.9364406779661016,0.9533898305084746,0.9576271186440678,0.9661016949152542,0.6374501992031872,0.6972111553784861,0.7290836653386454,0.7729083665338645,0.796812749003984,0.8047808764940239,0.8167330677290837,0.5823293172690763,0.6385542168674698,0.6746987951807228,0.714859437751004,0.7389558232931727,0.751004016064257,0.7630522088353414
311,seg26,auto,57.0,0.8830482897384306,0.8535564853556485,0.8744769874476988,0.8828451882845189,0.9037656903765691,0.9246861924686193,0.9372384937238494,0.9539748953974896,0.6732283464566929,0.7047244094488189,0.7283464566929134,0.7559055118110236,0.7913385826771654,0.8110236220472441,0.8464566929133859,0.5691699604743083,0.6284584980237155,0.66600790513834,0.7233201581027668,0.7628458498023716,0.7786561264822134,0.8102766798418972,0.6150627615062761,0.8451882845188284,0.9163179916317992,0.9623430962343096,0.9790794979079498,0.9874476987447699,1.0,0.42913385826771655,0.65748031496063,0.7637795275590551,0.8188976377952756,0.8464566929133859,0.8622047244094488,0.889763779527559,0.34782608695652173,0.5612648221343873,0.6640316205533597,0.7233201581027668,0.758893280632411,0.7786561264822134,0.8142292490118577
312,seg26,auto,153.0,0.8624338624338624,0.7424892703862661,0.7982832618025751,0.8283261802575107,0.8583690987124464,0.8798283261802575,0.8927038626609443,0.9184549356223176,0.5537848605577689,0.6294820717131474,0.6733067729083665,0.701195219123506,0.7290836653386454,0.7609561752988048,0.8207171314741036,0.5180722891566265,0.5943775100401606,0.6546184738955824,0.6867469879518072,0.7188755020080321,0.7469879518072289,0.7831325301204819,0.5836909871244635,0.7081545064377682,0.8744635193133047,0.9055793991416309,0.9184549356223176,0.9227467811158798,0.9356223175965666,0.351195219123506,0.47808764940239046,0.6972111553784861,0.7450199203187251,0.7569721115537849,0.7649402390438247,0.7928286852589641,0.30522088353413657,0.42168674698795183,0.6305220883534136,0.6827309236947792,0.6987951807228916,0.7068273092369478,0.7349397590361446
314,seg26,auto,154.0,0.9148391812865497,0.7410714285714286,0.7633928571428571,0.7767857142857143,0.7991071428571429,0.8214285714285714,0.8392857142857143,0.8705357142857143,0.5477178423236515,0.5684647302904564,0.5809128630705395,0.6099585062240664,0.6390041493775933,0.6556016597510373,0.7095435684647303,0.5291666666666667,0.55,0.5666666666666667,0.6083333333333333,0.6375,0.6625,0.7,0.8348214285714286,0.875,0.90625,0.9375,0.9598214285714286,0.96875,0.9776785714285714,0.6182572614107884,0.6763485477178424,0.716804979253112,0.7676348547717843,0.8174273858921162,0.8381742738589212,0.8589211618257261,0.5583333333333333,0.6125,0.6458333333333334,0.7083333333333334,0.7708333333333334,0.8,0.8260416666666667
315,seg26,auto,74.0,0.8551724137931035,0.8577586206896551,0.8793103448275862,0.8879310344827587,0.9008620689655172,0.9181034482758621,0.9310344827586207,0.9612068965517241,0.6516393442622951,0.6680327868852459,0.680327868852459,0.6967213114754098,0.7336065573770492,0.7745901639344263,0.8401639344262295,0.5596707818930041,0.5761316872427984,0.5925925925925926,0.6255144032921811,0.6666666666666666,0.7160493827160493,0.8189300411522634,0.5646551724137931,0.646551724137931,0.875,0.978448275862069,1.0,1.0086206896551724,1.0258620689655173,0.4426229508196721,0.4809426229508195,0.6762295081967213,0.8401639344262295,0.8770491803278688,0.889344262295082,0.9098360655737705,0.411522633744856,0.43209876543209874,0.551440329218107,0.7078189300411523,0.7695473251028807,0.7860082304526749,0.8065843621399177
316,seg26,auto,127.0,0.9160541586073501,0.6261261261261262,0.6846846846846847,0.7387387387387387,0.8108108108108109,0.8603603603603603,0.8693693693693694,0.8783783783783784,0.46382978723404256,0.5276595744680851,0.5531914893617021,0.625531914893617,0.6808510638297872,0.6978723404255319,0.7191489361702128,0.43162393162393164,0.48717948717948717,0.5213675213675214,0.5982905982905983,0.6581196581196581,0.6794871794871795,0.7008547008547008,0.7882882882882883,0.8378378378378378,0.8648648648648649,0.9009009009009009,0.9234234234234234,0.9324324324324325,0.9459459459459459,0.5914893617021276,0.6340425531914894,0.6680851063829787,0.7319148936170212,0.7659574468085106,0.774468085106383,0.7872340425531915,0.49145299145299143,0.5299145299145299,0.5683760683760684,0.6367521367521367,0.6794871794871795,0.688034188034188,0.7051282051282052
317,seg26,auto,116.0,0.9287878787878788,0.7887931034482759,0.8060344827586207,0.8146551724137931,0.8318965517241379,0.8491379310344828,0.8577586206896551,0.8879310344827587,0.5564516129032258,0.5846774193548387,0.6008064516129032,0.625,0.6733870967741935,0.7016129032258065,0.7760080645161282,0.5487804878048781,0.573170731707317,0.5894308943089431,0.6097560975609756,0.6382113821138211,0.6707317073170732,0.7457317073170724,0.9224137931034483,0.9482758620689655,0.9612068965517241,0.9698275862068966,0.9913793103448276,1.0,1.0086206896551724,0.7701612903225806,0.8104838709677419,0.8266129032258065,0.842741935483871,0.8709677419354839,0.8790322580645161,0.8911290322580645,0.6951219512195121,0.7317073170731707,0.7439024390243902,0.7642276422764228,0.7926829268292683,0.8008130081300813,0.8130081300813008
319,seg26,auto,139.0,0.9002100840336135,0.7192982456140351,0.7543859649122807,0.7763157894736842,0.8377192982456141,0.868421052631579,0.881578947368421,0.9078947368421053,0.5368852459016393,0.5901639344262295,0.6188524590163934,0.6557377049180327,0.7049180327868853,0.7213114754098361,0.7704918032786885,0.48770491803278687,0.5368852459016393,0.569672131147541,0.6188524590163934,0.6680327868852459,0.6967213114754098,0.7377049180327869,0.8596491228070176,0.881578947368421,0.8859649122807017,0.9035087719298246,0.9166666666666666,0.9210526315789473,0.9298245614035088,0.6762295081967213,0.7049180327868853,0.7172131147540983,0.7377049180327869,0.7581967213114754,0.7704918032786885,0.7827868852459017,0.5450819672131147,0.5778688524590164,0.5942622950819673,0.6270491803278688,0.6516393442622951,0.6639344262295082,0.6762295081967213
321,seg26,auto,152.0,0.891941391941392,0.8071748878923767,0.8340807174887892,0.8565022421524664,0.8923766816143498,0.9147982062780269,0.9237668161434978,0.9327354260089686,0.6443514644351465,0.6820083682008368,0.7071129707112971,0.7615062761506276,0.7949790794979079,0.8075313807531381,0.8242677824267782,0.6050420168067226,0.6430672268907563,0.6764705882352942,0.7394957983193278,0.7815126050420168,0.7941176470588235,0.8109243697478992,0.695067264573991,0.7802690582959642,0.8116591928251121,0.8385650224215246,0.8699551569506726,0.8789237668161435,0.8968609865470852,0.5899581589958159,0.6317991631799164,0.6443514644351465,0.6694560669456067,0.698744769874477,0.7071129707112971,0.7280334728033473,0.5210084033613446,0.5546218487394958,0.5630252100840336,0.5882352941176471,0.6134453781512605,0.6260504201680672,0.6638655462184874
323,seg26,auto,166.0,0.919622641509434,0.6846846846846847,0.7027027027027027,0.7252252252252253,0.7612612612612613,0.7927927927927928,0.8108108108108109,0.8288288288288288,0.45188284518828453,0.49372384937238495,0.5104602510460251,0.5606694560669456,0.5941422594142259,0.6108786610878661,0.6610878661087866,0.42083333333333334,0.4666666666666667,0.4875,0.5333333333333333,0.5791666666666667,0.6,0.65,0.5945945945945946,0.7387387387387387,0.7927927927927928,0.8198198198198198,0.8468468468468469,0.8603603603603603,0.8693693693693694,0.39330543933054396,0.5230125523012552,0.5690376569037657,0.606694560669456,0.6485355648535565,0.6652719665271967,0.6861924686192469,0.3541666666666667,0.4625,0.5083333333333333,0.5541666666666667,0.5864583333333333,0.6,0.6208333333333333
324,seg26,auto,132.0,0.919674355495251,0.5161290322580645,0.6497695852534562,0.7004608294930875,0.8018433179723502,0.8617511520737328,0.8755760368663594,0.8894009216589862,0.4291845493562232,0.47639484978540775,0.51931330472103,0.6008583690987125,0.6652360515021459,0.6866952789699571,0.7081545064377682,0.39914163090128757,0.4334763948497854,0.47639484978540775,0.5536480686695279,0.6094420600858369,0.630901287553648,0.6609442060085837,0.7465437788018433,0.7741935483870968,0.783410138248848,0.8018433179723502,0.8248847926267281,0.8341013824884793,0.8571428571428571,0.5244635193133048,0.5450643776824035,0.5493562231759657,0.575107296137339,0.6008583690987125,0.6137339055793991,0.6394849785407726,0.41201716738197425,0.4291845493562232,0.44635193133047213,0.4721030042918455,0.5021459227467812,0.5150214592274678,0.5364806866952789
325,seg26,auto,141.0,0.8950948800572861,0.730593607305936,0.7808219178082192,0.8082191780821918,0.8447488584474886,0.8721461187214612,0.8812785388127854,0.9041095890410958,0.5256410256410257,0.6025641025641025,0.6282051282051282,0.6752136752136753,0.7222222222222222,0.7527777777777782,0.8376068376068376,0.47863247863247865,0.5512820512820513,0.5854700854700855,0.6495726495726496,0.7008547008547008,0.7264957264957265,0.8076923076923077,0.6484018264840182,0.7351598173515982,0.817351598173516,0.8949771689497716,0.9178082191780822,0.9269406392694064,0.9406392694063926,0.3888888888888889,0.4658119658119658,0.5641025641025641,0.6709401709401709,0.7094017094017094,0.717948717948718,0.7307692307692307,0.2948717948717949,0.358974358974359,0.44017094017094016,0.5384615384615384,0.5854700854700855,0.6025641025641025,0.6196581196581197
326,seg26,auto,124.0,0.8426868905742145,0.6772727272727272,0.7136363636363636,0.7318181818181818,0.7681818181818182,0.8090909090909091,0.8272727272727273,0.8590909090909091,0.4765957446808511,0.5114893617021273,0.5404255319148936,0.5957446808510638,0.6297872340425532,0.6680851063829787,0.7063829787234043,0.3974358974358974,0.46153846153846156,0.5,0.5427350427350427,0.5854700854700855,0.6239316239316239,0.6709401709401709,0.6227272727272727,0.7,0.7727272727272727,0.8545454545454545,0.9136363636363637,0.9363636363636364,0.9636363636363636,0.4851063829787234,0.5446808510638298,0.574468085106383,0.6723404255319149,0.723404255319149,0.7319148936170212,0.7574468085106383,0.41025641025641024,0.4658119658119658,0.5213675213675214,0.5897435897435898,0.6367521367521367,0.6495726495726496,0.6709401709401709
327,seg26,auto,136.0,0.9065113500597372,0.8153153153153153,0.8423423423423423,0.8603603603603603,0.9054054054054054,0.9324324324324325,0.9414414414414415,0.954954954954955,0.5987234042553192,0.6382978723404256,0.676595744680851,0.7276595744680852,0.7659574468085106,0.7787234042553192,0.8,0.5512820512820513,0.5982905982905983,0.6367521367521367,0.7051282051282052,0.7478632478632479,0.7688034188034192,0.7948717948717948,0.9144144144144144,0.9279279279279279,0.9324324324324325,0.9414414414414415,0.9504504504504504,0.954954954954955,0.963963963963964,0.6936170212765957,0.7148936170212766,0.7191489361702128,0.7276595744680852,0.7404255319148936,0.7489361702127659,0.7617021276595745,0.5982905982905983,0.6196581196581197,0.6282051282051282,0.6452991452991453,0.6623931623931624,0.6709401709401709,0.688034188034188
329,seg26,auto,123.0,0.8872532619605219,0.7777777777777778,0.8044444444444444,0.8222222222222222,0.8577777777777778,0.8844444444444445,0.9022222222222223,0.9333333333333333,0.5252100840336135,0.5714285714285714,0.5882352941176471,0.6302521008403361,0.6764705882352942,0.6932773109243697,0.7478991596638656,0.5,0.538135593220339,0.5635593220338984,0.6016949152542372,0.6483050847457628,0.673728813559322,0.7330508474576272,0.8888888888888888,0.9066666666666666,0.92,0.9377777777777778,0.9511111111111111,0.9555555555555556,0.96,0.6932773109243697,0.7184873949579832,0.7310924369747899,0.7521008403361344,0.7647058823529411,0.7815126050420168,0.7899159663865546,0.5805084745762712,0.614406779661017,0.6313559322033898,0.6652542372881356,0.6822033898305084,0.6949152542372882,0.7076271186440678
330,seg26,auto,131.0,0.9292452830188679,0.8333333333333334,0.8558558558558559,0.8693693693693694,0.918918918918919,0.9459459459459459,0.9594594594594594,0.9774774774774775,0.5683760683760684,0.6282051282051282,0.6623931623931624,0.7222222222222222,0.7564102564102564,0.7692307692307693,0.7948717948717948,0.4978540772532189,0.5622317596566524,0.6094420600858369,0.6781115879828327,0.7253218884120172,0.7510729613733905,0.7639484978540773,0.9042792792792793,0.9234234234234234,0.9369369369369369,0.9504504504504504,0.963963963963964,0.9684684684684685,0.9774774774774775,0.6794871794871795,0.7094017094017094,0.7307692307692307,0.7735042735042735,0.7991452991452992,0.8034188034188035,0.811965811965812,0.5793991416309013,0.6137339055793991,0.6394849785407726,0.6866952789699571,0.7124463519313304,0.7253218884120172,0.7339055793991416
331,seg26,auto,127.0,0.9123692751532636,0.7465437788018433,0.7741935483870968,0.7926267281105991,0.815668202764977,0.8387096774193549,0.8525345622119815,0.8709677419354839,0.5213675213675214,0.5384615384615384,0.5598290598290598,0.5897435897435898,0.6111111111111112,0.6324786324786325,0.6818376068376056,0.4978540772532189,0.5236051502145923,0.5407725321888412,0.5665236051502146,0.592274678111588,0.6094420600858369,0.6761802575107284,0.9124423963133641,0.9262672811059908,0.9308755760368663,0.9400921658986175,0.9493087557603687,0.9539170506912442,0.9631336405529954,0.7264957264957265,0.7393162393162394,0.7478632478632479,0.7777777777777778,0.7863247863247863,0.7948717948717948,0.8076923076923077,0.648068669527897,0.6652360515021459,0.6738197424892703,0.6995708154506438,0.7167381974248928,0.721030042918455,0.7296137339055794
333,seg26,auto,96.0,0.8765432098765432,0.7488789237668162,0.7892376681614349,0.8251121076233184,0.8565022421524664,0.874439461883408,0.8878923766816144,0.9013452914798207,0.5316455696202531,0.6033755274261603,0.6244725738396625,0.6540084388185654,0.6919831223628692,0.7088607594936709,0.8143459915611815,0.5211864406779662,0.5677966101694916,0.5847457627118644,0.6313559322033898,0.6652542372881356,0.6949152542372882,0.7883474576271174,0.5560538116591929,0.8565022421524664,0.9103139013452914,0.9596412556053812,0.9775784753363229,0.9865470852017937,1.0089686098654709,0.37130801687763715,0.6413502109704642,0.729957805907173,0.8016877637130801,0.8396624472573839,0.8481012658227848,0.869198312236287,0.3220338983050847,0.5508474576271186,0.6313559322033898,0.690677966101695,0.7330508474576272,0.75,0.779872881355931
334,seg26,auto,48.0,0.884703196347032,0.8061674008810573,0.8502202643171806,0.8678414096916299,0.8986784140969163,0.920704845814978,0.9295154185022027,0.947136563876652,0.6244725738396625,0.6835443037974683,0.7046413502109705,0.7426160337552743,0.7763713080168776,0.7890295358649789,0.810126582278481,0.5336864406779662,0.576271186440678,0.6059322033898306,0.6483050847457628,0.673728813559322,0.6949152542372882,0.7457627118644068,0.7312775330396476,0.8414096916299559,0.8986784140969163,0.960352422907489,0.9911894273127754,1.0,1.013215859030837,0.5147679324894515,0.6413502109704642,0.7130801687763713,0.8059071729957806,0.8607594936708861,0.8776371308016878,0.8945147679324894,0.3813559322033898,0.4957627118644068,0.5677966101694916,0.6567796610169492,0.7203389830508474,0.7415254237288136,0.7754237288135594
336,seg26,auto,137.0,0.9183673469387755,0.7837837837837838,0.8108108108108109,0.8333333333333334,0.8693693693693694,0.8918918918918919,0.9054054054054054,0.9279279279279279,0.5546218487394958,0.6134453781512605,0.6386554621848739,0.6764705882352942,0.7184873949579832,0.7394957983193278,0.8268907563025208,0.5316455696202531,0.5864978902953587,0.6160337552742616,0.679324894514768,0.729957805907173,0.7552742616033755,0.8143459915611815,0.8603603603603603,0.9279279279279279,0.9504504504504504,0.9774774774774775,0.9954954954954955,1.0,1.009009009009009,0.6428571428571429,0.726890756302521,0.7647058823529411,0.819327731092437,0.8403361344537815,0.8445378151260504,0.8571428571428571,0.5232067510548524,0.6075949367088608,0.6497890295358649,0.7130801687763713,0.7383966244725738,0.7468354430379747,0.7637130801687764
337,seg26,auto,142.0,0.8682548794489093,0.7420814479638009,0.7647058823529411,0.7782805429864253,0.8144796380090498,0.8371040723981901,0.8461538461538461,0.8642533936651584,0.569620253164557,0.5949367088607594,0.6160337552742616,0.6582278481012658,0.6919831223628692,0.7172995780590717,0.7383966244725738,0.5254237288135594,0.5635593220338984,0.5932203389830508,0.6694915254237288,0.7076271186440678,0.7245762711864406,0.7542372881355932,0.7201357466063348,0.8300904977375563,0.8959276018099548,0.9366515837104072,0.9547511312217195,0.9638009049773756,0.9773755656108597,0.5021097046413502,0.6371308016877637,0.7215189873417721,0.7805907172995781,0.8059071729957806,0.8143459915611815,0.8396624472573839,0.4158898305084746,0.5550847457627118,0.635593220338983,0.7033898305084746,0.7330508474576272,0.7415254237288136,0.7669491525423728
339,seg26,auto,139.0,0.9153988868274583,0.6441441441441441,0.7117117117117117,0.7477477477477478,0.8018018018018018,0.8378378378378378,0.8558558558558559,0.8693693693693694,0.4167364016736403,0.5230125523012552,0.5794979079497908,0.6317991631799164,0.6778242677824268,0.6903765690376569,0.8158995815899581,0.38396624472573837,0.48945147679324896,0.5611814345991561,0.6286919831223629,0.679324894514768,0.6919831223628692,0.7932489451476793,0.7432432432432432,0.7792792792792793,0.7972972972972973,0.8198198198198198,0.8423423423423423,0.8513513513513513,0.8693693693693694,0.4769874476987448,0.5230125523012552,0.5355648535564853,0.5606694560669456,0.5857740585774058,0.5941422594142259,0.6150627615062761,0.4177215189873418,0.4641350210970464,0.4767932489451477,0.5063291139240507,0.5232067510548524,0.5358649789029536,0.5527426160337553
340,seg26,auto,122.0,0.8841995116846878,0.7777777777777778,0.8240740740740741,0.8472222222222222,0.8935185185185185,0.9259259259259259,0.9398148148148148,0.9629629629629629,0.5960176991150442,0.6371681415929203,0.6637168141592921,0.7123893805309734,0.7566371681415929,0.7743362831858407,0.8185840707964602,0.5418502202643172,0.5859030837004405,0.6211453744493393,0.6828193832599119,0.7224669603524229,0.7444933920704846,0.7709251101321586,0.4305555555555556,0.6203703703703703,0.7129629629629629,0.8379629629629629,0.9212962962962963,0.9398148148148148,0.9583333333333334,0.2831858407079646,0.42035398230088494,0.504424778761062,0.6371681415929203,0.7433628318584071,0.7699115044247787,0.7876106194690266,0.24361233480176217,0.3524229074889868,0.41409691629955947,0.5198237885462555,0.6211453744493393,0.6519823788546255,0.6740088105726872
341,seg26,auto,50.0,0.9003601440576231,0.7990654205607477,0.822429906542056,0.8457943925233645,0.883177570093458,0.9065420560747663,0.9158878504672897,0.9392523364485982,0.5945945945945946,0.6261261261261262,0.6486486486486487,0.6846846846846847,0.7117117117117117,0.7342342342342343,0.7972972972972973,0.5135135135135135,0.5495495495495496,0.5720720720720721,0.6126126126126126,0.6396396396396397,0.6576576576576577,0.7252252252252253,0.602803738317757,0.6915887850467289,0.7850467289719626,0.9065420560747663,0.9719626168224299,0.9906542056074766,1.0046728971962617,0.481981981981982,0.5,0.5675675675675675,0.6981981981981982,0.7837837837837838,0.7972972972972973,0.8153153153153153,0.3738738738738739,0.42342342342342343,0.45495495495495497,0.5315315315315315,0.6171171171171171,0.6396396396396397,0.6621621621621622
342,seg26,auto,133.0,0.8918367346938776,0.7777777777777778,0.8055555555555556,0.8287037037037037,0.8657407407407407,0.8935185185185185,0.9027777777777778,0.9166666666666666,0.548936170212766,0.5829787234042553,0.6042553191489362,0.6468085106382979,0.6808510638297872,0.6978723404255319,0.7276595744680852,0.4978723404255319,0.5319148936170213,0.5531914893617021,0.5872340425531914,0.6170212765957447,0.6340425531914894,0.6825531914893601,0.6759259259259259,0.8101851851851852,0.8564814814814815,0.8842592592592593,0.9074074074074074,0.9120370370370371,0.9212962962962963,0.44680851063829785,0.5887234042553192,0.6468085106382979,0.676595744680851,0.7021276595744681,0.7148936170212766,0.7276595744680852,0.33617021276595743,0.4738297872340427,0.5148936170212766,0.5446808510638298,0.5659574468085107,0.574468085106383,0.5872340425531914
